,학교명,주소,위도,경도
0,상산고등학교,완산구 거마평로 130,35.80508487,127.1197274
1,전주성심여자고등학교,완산구 경기전길 130,35.81195132,127.150661
2,전주해성고등학교,완산구 계룡산길 88,35.78676751,127.1008413
3,전주제일고등학교,완산구 관선5길 15,35.82095883,127.1580639
4,전주고등학교,완산구 권삼득로 2,35.82470798,127.1525515
5,완산고등학교,완산구 능안자구길 55,35.80240918,127.083885
6,완산여자고등학교,완산구 덕적골 1길 60,35.79206908,127.1383085
7,전주상업정보고등학교,완산구 따박골2길 21,35.81067636,127.124988
8,전주한일고등학교,완산구 백제대로 442,35.83123926,127.1236579
9,전주신흥고등학교,완산구 서원로 399,35.81541013,127.1362767
10,호남제일고등학교,완산구 서원로53,35.81390641,127.0992598
11,동암고등학교,완산구 소태정4길 1,35.80652136,127.1012295
12,전주근영여자고등학교,완산구 영경1길 11,35.82030227,127.1246416
13,전일고등학교,완산구 우전로 249,35.81567593,127.0997119
14,전주기전여자고등학교,완산구 유연로 133,35.82623909,127.100655
15,한국전통문화고등학교,완산구 중인1길 68-13,35.77237437,127.0976869
16,전주대학교사범대학부설고등학교,완산구 천잠로 313,35.81531188,127.0938165
17,전주영생고등학교,완산구 천잠로 333,35.81609983,127.0919874
18,서전주중학교,완산구 거마평로 205,35.81033988,127.112235
19,전주풍남중학교,완산구 거마평로 83,35.79980046,127.1152469
20,전주신일중학교,완산구 견훤왕궁2길 8,35.82896302,127.1532516
21,전주성심여자중학교,완산구 경기전길 130,35.81195132,127.150661
22,전주해성중학교,완산구 계룡산길 88,35.78676751,127.1008413
23,전주서중학교,완산구 당산로 2,35.8317185,127.1094896
24,전주완산중학교,완산구 덕적골1길 60,35.79206908,127.1383085
25,전주남중학교,완산구 덕적골2길 30,35.79608353,127.1402939
26,전주곤지중학교,완산구 매곡로 22,35.81056438,127.1432813
27,전주서곡중학교,완산구 서곡6길 23,35.83554893,127.1035986
28,전주신흥중학교,완산구 서원로 399,35.81541013,127.1362767
29,전주우전중학교,완산구 쑥고개로 375-28,35.80502803,127.1063739
30,전주서신중학교,완산구 안터2길 40,35.82877357,127.1167419
31,전주효정중학교,완산구 안행로 127,35.8067646,127.1336242
32,전주양지중학교,완산구 양지2길 11-16,35.79174135,127.1243865
33,전주근영중학교,완산구 영경1길 11,35.82030227,127.1246416
34,전주효문여자중학교,완산구 용리로 92,35.7982023,127.1198927
35,전주우림중학교,완산구 우전로 119,35.80570638,127.0990235
36,전주기전중학교,완산구 유연로133,35.82623909,127.100655
37,전주용흥중학교,완산구 장승배기로 12,35.79143487,127.1136033
38,전주평화중학교,완산구 평화로 74,35.78337483,127.1340232
39,전주효림초등학교,완산구 강변로 128,35.80299582,127.1130419
40,전주삼천남초등학교,완산구 거마남로 65 ,35.79648986,127.1237587
41,전주효문초등학교,완산구 거마평로 105,35.80153545,127.1164974
42,전주풍남초등학교,완산구 견훤왕궁로 16,35.82100253,127.1541845
43,전주중앙초등학교,완산구 경기전길 99,35.8150717,127.1513507
44,전주대성초등학교,완산구 고덕산1길 20,35.79759727,127.1777868
45,전주여울초등학교,완산구 고사평8길 11,35.83743707,127.1111606
46,전주문정초등학교,완산구 구이로 1979,35.77555003,127.1280733
47,전주평화초등학교,완산구 꽃밭정로 65,35.7994125,127.1394668
48,전주서천초등학교,완산구 당산로 9,35.83212534,127.1082808
49,전주초등학교,완산구 대동로 33,35.82259291,127.1396496
50,전주화산초등학교,완산구 따박골7길 20,35.8093452,127.1299941
51,전주홍산초등학교,완산구 마전들로 30,35.82069814,127.0987051
52,전주대정초등학교,완산구 맏내로 57,35.78580912,127.1256189
53,전주완산초등학교,완산구 매곡로22,35.81056438,127.1432813
54,전주문학초등학교,완산구 문학로 30,35.82825061,127.1026766
55,전주동초등학교,완산구 물왕멀로 72,35.82952144,127.1524688
56,전주새연초등학교,완산구 봉곡로 60,35.81149179,127.1002986
57,전주용흥초등학교,완산구 삼천천변1길 16,35.79494464,127.1117956
58,전주서일초등학교,완산구 새터로 73,35.83611095,127.114437
59,전주서곡초등학교,완산구 서곡7길 30,35.83306061,127.1008952
60,전주서문초등학교,완산구 서신천변 11길 19,35.82984999,127.1120592
61,전주삼천초등학교,완산구 성지산로 38,35.80084303,127.1236915
62,전주우림초등학교,완산구 소태정로 21,35.80662618,127.0982863
63,전주효자초등학교,완산구 송정로 47,35.80313848,127.1231468
64,전주완산서초등학교,완산구 안행로 127,35.8067646,127.1336242
65,전주양지초등학교,완산구 양지2길 11-26,35.79251889,127.125929
66,전주서원초등학교,완산구 오두정길 45,35.80930758,127.1186102
67,전주우전초등학교,완산구 우전2길 11,35.80597309,127.1073907
68,전주용와초등학교,완산구 장승배기로 14,35.79121932,127.1147101
69,전주남초등학교,완산구 장승배기로 376,35.80318261,127.1510675
70,전주서신초등학교,완산구 전룡로 119,35.8296453,127.1248724
71,전주중산초등학교,완산구 중산중앙로 9-10,35.81739948,127.119688
72,전주중인초등학교,완산구 중인1길 80,35.77133085,127.0979383
73,전주교육대학교전주부설초등학교,완산구 팔달로 74,35.80841966,127.1509989
74,전주신성초등학교,완산구 평화8길 16-36,35.7898653,127.1338498
75,전주지곡초등학교,완산구 평화로 85,35.78433159,127.1329066
76,전주한들초등학교,완산구 화산천변8길 10,35.82139815,127.1169821
77,전주효천초등학교,완산구 효천중앙로 31,35.79968402,127.1051107
78,동암차돌학교,완산구 천잠로 275,35.81051203,127.0927681
79,전주은화학교,완산구 효자로 28-20,35.81962483,127.0867782
80,전주선화학교,완산구 효자로 39,35.82045067,127.0907897
81,전주풍남유치원,완산구 견훤왕궁로 16,35.82100253,127.1541845
82,전주유치원,완산구 대동로 33,35.82259291,127.1396496
83,전주홍산유치원,완산구 마전들로30,35.82069814,127.0987051
84,전주풍남유치원,완산구 견훤왕궁로 16,35.82100253,127.1541845
85,전주유치원,완산구 대동로 33,35.82259291,127.1396496
86,전주홍산유치원,완산구 마전들로30,35.82069814,127.0987051
87,서신어린이집,전라북도 전주시 완산구 감나무로 15,35.82915547,127.120266
88,휴먼시아맑은샘어린이집,전라북도 전주시 완산구 용호로 20,35.80768237,127.1016488
89,휴먼시아숲속어린이집,전라북도 전주시 완산구 호암로 2,35.80748439,127.0961354
90,휴먼시아해오름어린이집,전라북도 전주시 완산구 호암로 87,35.80923055,127.1035639
91,휴먼시아밝은빛어린이집,전라북도 전주시 완산구 호암로 88,35.807829,127.1027133
92,아기천사어린이집,전라북도 전주시 완산구 외칠봉1길 17,35.80293475,127.13717
93,바울어린이집,전라북도 전주시 완산구 용머리로 228,35.80840155,127.1353327
94,상원어린이집,전라북도 전주시 완산구 천잠로 545-7,35.8331357,127.0953507
95,중산어린이집,전라북도 전주시 완산구 서원로 334,35.81183501,127.1302554
96,명재어린이집,전라북도 전주시 완산구 삼천천변2길 36-3,35.79615507,127.1141678
97,올리브어린이집,전라북도 전주시 완산구 구이로 2041-1,35.78038033,127.1289512
98,전주삼성어린이집,전라북도 전주시 완산구 권삼득로 20,35.8247749,127.149868
99,남복원광어린이집,전라북도 전주시 완산구 평화6길 22,35.78856964,127.132795
100,롯데어린이집,전라북도 전주시 완산구 계룡산길 64,35.78864283,127.1050927
101,예촌어린이집,전라북도 전주시 완산구 메너머3길 25-15,35.82317749,127.1200191
102,상록어린이집,전라북도 전주시 완산구 우전로 251,35.81699345,127.1015843
103,에덴어린이집,전라북도 전주시 완산구 장승배기로 302-3,35.7995669,127.1450915
104,현대어린이집,전라북도 전주시 완산구 인정2길 12,35.8197989,127.1192435
105,학산어린이집,전라북도 전주시 완산구 평화동2가 모악로 4726-1,35.79110725,127.1321311
106,작은새두리어린이집,전라북도 전주시 완산구 평화14길 15-10,35.79219592,127.1340619
107,한마음어린이집,전라북도 전주시 완산구 계룡산길 44-6,35.79070168,127.1048901
108,신생어린이집,전라북도 전주시 완산구 난전들로 22-7,35.77876916,127.1267264
109,은성어린이집,전라북도 전주시 완산구 강당1길 18-21,35.81033192,127.133921
110,큐피트어린이집,전라북도 전주시 완산구 화산천변3길 12-3,35.82078269,127.1148262
111,꺼야마을어린이집,전라북도 전주시 완산구 중인1길 134-17,35.76823649,127.0943866
112,전주효자어린이집,전라북도 전주시 완산구 밤나무1길 15-7,35.80863629,127.1168022
113,큰별어린이집,전라북도 전주시 완산구 내원당길 70-15,35.79374231,127.1699859
114,효자제일어린이집,전라북도 전주시 완산구 신촌1길 44-3,35.81404324,127.1134943
115,완산어린이집,전라북도 전주시 완산구 전주천서로 181,35.81186057,127.1413805
116,우리어린이집,전라북도 전주시 완산구 덕적골2길 25,35.79561646,127.1418577
117,평화원광어린이집,전라북도 전주시 완산구 백제대로 20-15,35.79789963,127.1322093
118,새빛어린이집,전라북도 전주시 완산구 신봉로 4,35.81005578,127.1155906
119,광민어린이집,전라북도 전주시 완산구 중산1길 12-4,35.81473893,127.119266
120,교동원광어린이집,전라북도 전주시 완산구 오목대길 76,35.81319855,127.1519712
121,복지어린이집,전라북도 전주시 완산구 평화동1가 덕적골2길 22,35.79661683,127.1401966
122,전주YWCA어린이집,전라북도 전주시 완산구 용머리로 98,35.80590869,127.1209223
123,토마토어린이집,전라북도 전주시 완산구 중산1길 4-4,35.814828,127.1202352
124,리틀키즈어린이집,전라북도 전주시 완산구 따박골로 13,35.80957357,127.1245593
125,하늘채어린이집,전라북도 전주시 완산구 화산천변로 55,35.82311411,127.115439
126,오렌지어린이집,전라북도 전주시 완산구 전룡로 132-8,35.828842,127.1274564
127,레이나어린이집,전라북도 전주시 완산구 삼천천변1길 32,35.79394568,127.1133443
128,가람어린이집,전라북도 전주시 완산구 정동길 1-8,35.78244926,127.1033098
129,엘리트어린이집,전라북도 전주시 완산구 맏내로 158-11,35.79433823,127.1293646
130,미래어린이집,전라북도 전주시 완산구 서신천변1길 16,35.82677322,127.1135486
131,열린생각어린이집,전라북도 전주시 완산구 원서곡길 8,35.83568306,127.0972142
132,평화피노키오어린이집,전라북도 전주시 완산구 평화5길 24-21,35.78426779,127.1363638
133,더큰빛어린이집,전라북도 전주시 완산구 서곡로 20-1,35.83142548,127.0974803
134,파랑어린이집,전라북도 전주시 완산구 서학3길 25-3,35.80649556,127.1513553
135,유정어린이집,전라북도 전주시 완산구 원서곡길 46-34,35.83375358,127.0941179
136,해맑은어린이집,전라북도 전주시 완산구 안행8길 30,35.80022267,127.1323428
137,우석어린이집,전라북도 전주시 완산구 상거마4길 9,35.79713514,127.1202349
138,호남어린이집,전라북도 전주시 완산구 삼산길 26,35.79962798,127.0804453
139,타이니어린이집,전라북도 전주시 완산구 화산천변2길 3-3,35.81969706,127.1164799
140,알프스어린이집,전라북도 전주시 완산구 견훤로 100-14,35.82070273,127.1628974
141,한솔어린이집,전라북도 전주시 완산구 유연로 349-18,35.8251094,127.0983825
142,중흥어린이집,전라북도 전주시 완산구 새터로 74,35.83521408,127.1142806
143,예찬어린이집,전라북도 전주시 완산구 삼천동1가 안행2길 33-3,35.80117204,127.1286299
144,꿈사랑어린이나라어린이집,전라북도 전주시 완산구 화산천변3길 15-5,35.82009406,127.1147084
145,꿈망울어린이집,전라북도 전주시 완산구 소대배기로 33,35.78782363,127.1341297
146,새싹어린이집,전라북도 전주시 완산구 양지3길 34-4,35.78883235,127.1200279
147,그린예꿈어린이집,전라북도 전주시 완산구 평화로 100,35.78663581,127.1348871
148,서진우리어린이집,전라북도 전주시 완산구 평화동1가 평화18길 11,35.79467495,127.135256
149,전통나비어린이집,전라북도 전주시 완산구 충경로 125-29,35.82089777,127.1515951
150,고감도어린이집,전라북도 전주시 완산구 양지2길 5,35.79257577,127.1234912
151,한동어린이집,전라북도 전주시 완산구 평화19길 13-6,35.7954004,127.1380099
152,작은서전주어린이집,전라북도 전주시 완산구 난전들로 139-27,35.78040859,127.1148534
153,푸른초장어린이집,전라북도 전주시 완산구 덕적골3길 36-6,35.79761403,127.1436003
154,신전주어린이집,전라북도 전주시 완산구 능안자구길 75,35.80322874,127.0844769
155,판암어린이집,전라북도 전주시 완산구 안행9길 29-10,35.8021823,127.1327419
156,온누리어린이집,전라북도 전주시 완산구 삼천천변1길 31-3,35.79548072,127.1140985
157,성원어린이집,전라북도 전주시 완산구 서신천변11길 22,35.8308328,127.1110926
158,열린동화나라어린이집,전라북도 전주시 완산구 효자동2가 우전2길 8,35.80562205,127.1083912
160,천사어린이집,전라북도 전주시 완산구 장승배기로 13,35.79316275,127.1144878
161,미미어린이집,전라북도 전주시 완산구 감나무4길 27,35.83146342,127.1197198
162,아이와숲어린이집,전라북도 전주시 완산구 안행2길 26,35.80361872,127.1283521
163,파랑새어린이집,전라북도 전주시 완산구 평화동2가 난전들로 245-15,35.78984428,127.1157242
164,에코어린이집,전라북도 전주시 완산구 화산천변6길 16,35.8214607,127.1144518
165,가은어린이집,전라북도 전주시 완산구 삼천천변1길 46,35.79431038,127.1152788
166,꿈나래어린이집,전라북도 전주시 완산구 전룡5길 24-14,35.82724983,127.1211864
167,온고을어린이집,전라북도 전주시 완산구 난전들로 220-38,35.78750551,127.1201186
168,초록아이어린이집,전라북도 전주시 완산구 따박골6길 23,35.80880772,127.1289603
169,하늘샘어린이집,전라북도 전주시 완산구 당산로 11-3,35.83307198,127.1093247
170,한국어린이집,전라북도 전주시 완산구 용산마을길 35,35.79313163,127.1028472
171,아름다운어린이집,전라북도 전주시 완산구 삼천천변1길 9,35.79536417,127.1114261
172,키즈캠어린이집,전라북도 전주시 완산구 평화11길 6-3,35.78938699,127.1361913
173,굿모닝어린이집,전라북도 전주시 완산구 소대배기로 18-28,35.78677568,127.1315618
174,엄마랑아가랑어린이집,전라북도 전주시 완산구 빙고리3길 19,35.81361338,127.1382424
175,큰나무어린이집,전라북도 전주시 완산구 거마평로 7,35.79309625,127.1166303
176,예쁜아기별어린이집,전라북도 전주시 완산구 효자동3가 서곡로 34,35.83143239,127.0992794
177,아트빌어린이집,전라북도 전주시 완산구 화산천변6길 5,35.82127411,127.1156103
178,위즈어린이집,전라북도 전주시 완산구 쑥고개로 196-32,35.79568354,127.0884758
179,미키어린이집,전라북도 전주시 완산구 삼천천변1길 45,35.79572647,127.1152545
180,아이들세상어린이집,전라북도 전주시 완산구 평화로 71,35.78321464,127.1331586
181,영생어린이집,전라북도 전주시 완산구 삼천천변3길 60,35.79675422,127.1164331
182,국민연금어린이집,전라북도 전주시 완산구 온고을로 13,35.83340618,127.1216859
183,집현전어린이집,전라북도 전주시 완산구 안행5길 5-7,35.80142216,127.1321041
184,색동어린이집,전라북도 전주시 완산구 당산로 43,35.83252898,127.1126324
185,소율어린이집,전라북도 전주시 완산구 삼천천변3길 20,35.7967368,127.112096
186,해뜰어린이집,전라북도 전주시 완산구 새터로 95,35.83611797,127.1192697
187,아이뜰어린이집,전라북도 전주시 완산구 화산천변2길 11-3,35.81973276,127.1173001
188,새나라키즈어린이집,전라북도 전주시 완산구 안터2길 29,35.82807111,127.1174063
189,꿈에그린어린이집,전라북도 전주시 완산구 구이로 2094,35.78322279,127.131981
190,도담어린이집,전라북도 전주시 완산구 화산천변로 50,35.82393417,127.117292
191,태평어린이집,전라북도 전주시 완산구 물레방아1길 43-7,35.82247904,127.1355912
192,보물섬어린이집,전라북도 전주시 완산구 서곡로 8,35.83177947,127.0966134
193,마미랑어린이집,전라북도 전주시 완산구 용머리로 20-1,35.8044343,127.1121053
194,반올림어린이집,전라북도 전주시 완산구 효자동2가 세내로 239,35.81064708,127.1085536
195,우리들어린이집,전라북도 전주시 완산구 산월1길 26,35.8130709,127.1203256
196,호반어린이집,전라북도 전주시 완산구 유연로 217-11,35.82641738,127.1090006
197,해피안어린이집,전라북도 전주시 완산구 평화7길 40,35.78510901,127.1391306
198,이계순의 동화속 어린이집,전라북도 전주시 완산구 난전들로 219-17,35.78693607,127.1159158
199,e편한세상어린이집,전라북도 전주시 완산구 여울로 161,35.84071385,127.1064989
200,늘픔어린이집,전라북도 전주시 완산구 어은로 33-3,35.81743429,127.1262694
201,사랑화수분어린이집,전라북도 전주시 완산구 소태정로 1,35.80604358,127.0974304
202,골든팰리스어린이집,전라북도 전주시 완산구 호암로 40,35.80882672,127.0995864
203,아르팰리스물앤빛어린이집,전라북도 전주시 완산구 호암로 41,35.81043018,127.0993336
204,아이다솜어린이집,전라북도 전주시 완산구 하거마3길 25,35.79416949,127.118182
205,하나캐슬어린이집,전라북도 전주시 완산구 장승배기로 46-10,35.79165061,127.118027
206,SK뷰 생글어린이집,전라북도 전주시 완산구 태평2길 22,35.82474079,127.1400321
207,서곡해뜰어린이집,전라북도 전주시 완산구 원서곡길 54-1,35.83266095,127.0940491
208,예대키즈어린이집,전라북도 전주시 완산구 평화14길 11,35.79199103,127.1348915
209,성산어린이집,전라북도 전주시 완산구 천경로 7,35.80694099,127.1530423
210,엠코동화어린이집,전라북도 전주시 완산구 평화동2가 양지3길 25-1,35.79009018,127.1202794
211,숲소리어린이집,전라북도 전주시 완산구 효자동3가 원서곡길 27,35.83431132,127.0960053
212,송림꽃무지풀무지어린이집,전라북도 전주시 완산구 효자동2가 한절길 67-44,35.80312996,127.0875019
213,오네뜨어린이집,전라북도 전주시 완산구 평화동1가 덕적골1길 50,35.79329229,127.1396979
214,세븐팰리스어린이집,전라북도 전주시 완산구 효자동2가 우전로 180,35.81024102,127.1017938
215,썬샤인어린이집,전라북도 전주시 완산구 효자동2가 우전로 96,35.80382675,127.1012507
216,이안키즈어린이집,전라북도 전주시 완산구 삼천동1가 용리로 165,35.79912396,127.1249104
217,서희스타어린이집,전라북도 전주시 완산구 효자동2가 홍산1길 21,35.81439897,127.1073162
218,예다음어린이집,전라북도 전주시 완산구 중화산동2가 안행로 165-5,35.81024885,127.131199
219,평화노벨어린이집,전라북도 전주시 완산구 평화동1가 덕적골2길 66,35.79333984,127.1411975
220,초록샘어린이집,전라북도 전주시 완산구 효자동2가 홍산1길 7,35.81410443,127.108626
221,아이다움어린이집,전라북도 전주시 완산구 효자동3가 홍산북로 83,35.81835354,127.1113605
222,신원아띠어린이집,전라북도 전주시 완산구 효자동1가 용머리로 101,35.80672988,127.1202424
223,힐스테이트어린이집,전라북도 전주시 완산구 효자동3가 세내로 291,35.81641036,127.1115189
224,아이원어린이집,전라북도 전주시 완산구 서곡로 8,35.83177947,127.0966134
225,서신피노키오어린이집,전라북도 전주시 완산구 새터로 95,35.83611797,127.1192697
226,조은생각어린이집,전라북도 전주시 완산구 서신로 102,35.83527881,127.1169762
227,꼬마들세상 어린이집,전라북도 전주시 완산구 덕적골1길 14,35.79622021,127.1380755
228,예쁜아가어린이집,전라북도 전주시 완산구 거마평로 125,35.80410034,127.1146346
229,도담아이어린이집,전라북도 전주시 완산구 삼천천변1길 45,35.79572647,127.1152545
230,신색동어린이집,전라북도 전주시 완산구 용리로 133,35.79768781,127.1243781
231,해랑꿈이랑어린이집,전라북도 전주시 완산구 거마평로 93,35.80106667,127.1159683
232,코코어린이집,전라북도 전주시 완산구 양지2길 52-7,35.79083253,127.1202094
233,디모데어린이집,전라북도 전주시 완산구 새터로 95,35.83611797,127.1192697
234,혜윰어린이집,전라북도 전주시 완산구 장승배기로 15,35.79344236,127.1151093
235,똑똑똑어린이집,전라북도 전주시 완산구 거마평로 125,35.80410034,127.1146346
236,성원가정어린이집,전라북도 전주시 완산구 새터로 60,35.83533777,127.1123274
237,서곡한빛어린이집,전라북도 전주시 완산구 서곡로 22,35.83025964,127.0984415
238,중흥사랑숲어린이집,전라북도 전주시 완산구 새터로 74,35.83521408,127.1142806
239,비테어린이집,전라북도 전주시 완산구 평화2길 13,35.78203212,127.1343488
240,행복주머니어린이집,전라북도 전주시 완산구 평화로 120,35.78752842,127.1352116
241,사랑나무어린이집,전라북도 전주시 완산구 새터로 95,35.83611797,127.1192697
242,양지가정어린이집,전라북도 전주시 완산구 양지2길 10,35.79100213,127.1208614
243,아띠어린이집,전라북도 전주시 완산구 평화7길 40,35.78510901,127.1391306
244,리틀영재어린이집,전라북도 전주시 완산구 신촌3길 1,35.81613409,127.117514
245,이문선가정어린이집,전라북도 전주시 완산구 서원로 270,35.81177985,127.1238644
246,해오름어린이집,전라북도 전주시 완산구 인봉남로 56,35.82593818,127.158897
247,미소짓는어린이집,전라북도 전주시 완산구 신촌3길 1,35.81613409,127.117514
248,행복한어린이집,전라북도 전주시 완산구 장승배기로 15,35.79344236,127.1151093
249,마미어린이집,전라북도 전주시 완산구 온고을로 121,35.83348323,127.1071126
250,열린아이세상어린이집,전라북도 전주시 완산구 온고을로 121,35.83348323,127.1071126
251,늘푸른동산어린이집,전라북도 전주시 완산구 따박골로 11,35.81010031,127.1244271
252,해뜨는어린이집,전라북도 전주시 완산구 장승배기로 15,35.79344236,127.1151093
253,뿡뿡이어린이집,전라북도 전주시 완산구 평화로 95,35.78510176,127.1331957
254,두산푸른솔어린이집,전라북도 전주시 완산구 양지1길 16-3,35.79092759,127.118871
255,노리숲어린이집,전라북도 전주시 완산구 삼천동1가 강변로 98,35.7998651,127.11169
256,엘드사랑의어린이집,전라북도 전주시 완산구 세내로 241,35.81273369,127.1096328
257,크는나무어린이집,전라북도 전주시 완산구 따박골로 46,35.81025701,127.1271244
258,해솜어린이집,전라북도 전주시 완산구 모악로 4681,35.78735976,127.1275753
259,꿈샘어린이집,전라북도 전주시 완산구 덕적골1길 33,35.79469344,127.1408195
260,맑은아이숲어린이집,전라북도 전주시 완산구 삼천천변1길 45,35.79572647,127.1152545
261,쑥쑥어린이집,전라북도 전주시 완산구 평화로 100,35.78663581,127.1348871
262,키즈콜럼버스어린이집,전라북도 전주시 완산구 고사평1길 8-13,35.83574996,127.1086454
263,한우리어린이집,전라북도 전주시 완산구 서곡로 11,35.83228661,127.0974986
264,튼튼아가어린이집,전라북도 전주시 완산구 당산로 55,35.83252847,127.1144094
265,노아어린이집,전라북도 전주시 완산구 안행2길 26,35.80361872,127.1283521
266,푸른어린이집,전라북도 전주시 완산구 평화로 95,35.78510176,127.1331957
267,뛰어라올챙이어린이집,전라북도 전주시 완산구 양지2길 10,35.79100213,127.1208614
268,꿈속어린이집,전라북도 전주시 완산구 평화동2가 맏내1길 5,35.79049694,127.1302943
269,평화어린이집,전라북도 전주시 완산구 평화로 120,35.78752842,127.1352116
270,꿈꾸는어린이집,전라북도 전주시 완산구 당산로 34,35.83154574,127.1112384
271,그린별어린이집,전라북도 전주시 완산구 영경1길 25,35.81826696,127.12524
272,행복한미키어린이집,전라북도 전주시 완산구 평화동1가 덕적골1길 50,35.79329229,127.1396979
273,신일아이사랑어린이집,전라북도 전주시 완산구 강변로 98,35.7998651,127.11169
274,병아리어린이집,전라북도 전주시 완산구 모악로 4685,35.78798652,127.1294969
275,하늘꿈어린이집,전라북도 전주시 완산구 강변로 106,35.80061326,127.1126323
276,캥거루어린이집,전라북도 전주시 완산구 거마산로 8-4,35.79670036,127.12256
277,맘스어린이집,전라북도 전주시 완산구 서신천변11길 22,35.8308328,127.1110926
278,민들레어린이집,전라북도 전주시 완산구 신촌3길 1,35.81613409,127.117514
279,에브리클럽어린이집,전라북도 전주시 완산구 여울로 79,35.83677982,127.1149517
280,예꿈어린이집,전라북도 전주시 완산구 안터3길 11,35.82853866,127.1193544
281,예삐어린이집,전라북도 전주시 완산구 서곡로 8,35.83177947,127.0966134
282,별초롱어린이집,전라북도 전주시 완산구 모악로 4651,35.78615975,127.1272936
283,하얀꿈어린이집,전라북도 전주시 완산구 난전들로 257,35.7911009,127.1158277
284,해피랜드24시어린이집,전라북도 전주시 완산구 새터로 100,35.83426465,127.1180498
285,동아어린이집,전라북도 전주시 완산구 새터로 95,35.83611797,127.1192697
286,푸른하늘어린이집,전라북도 전주시 완산구 삼천천변2길 51,35.79695088,127.1150192
287,햇살어린이집,전라북도 전주시 완산구 당산로 34,35.83154574,127.1112384
288,아이맘어린이집,전라북도 전주시 완산구 평화7길 40,35.78510901,127.1391306
289,엘지엄마사랑어린이집,전라북도 전주시 완산구 세내로 559,35.83349772,127.0977246
290,위드키즈어린이집,전라북도 전주시 완산구 서신천변13길 14-10,35.83111223,127.1127025
291,어깨동무어린이집,전라북도 전주시 완산구 선너머3길 19-9,35.8139317,127.1295081
292,키즈맘어린이집,전라북도 전주시 완산구 모악로 4681,35.78735976,127.1275753
293,열린교육어린이집,전라북도 전주시 완산구 양지2길 10,35.79100213,127.1208614
294,빛뜨란어린이집,전라북도 전주시 완산구 강변로 220-16,35.80952137,127.1139376
295,세창어린이집,전라북도 전주시 완산구 용리로 179,35.79995967,127.1275199
296,개구쟁이어린이집,전라북도 전주시 완산구 하거마4길 16,35.79531542,127.118571
297,즐거운미키어린이집,전라북도 전주시 완산구 삼천천변1길 45,35.79572647,127.1152545
298,콜럼버스어린이집,전라북도 전주시 완산구 삼천천변3길 20,35.7967368,127.112096
299,초록별 어린이집,전라북도 전주시 완산구 온고을로 119,35.83265626,127.1118344
300,휴플러스어린이집,전라북도 전주시 완산구 따박골4길 10,35.80671603,127.1278134
301,청아어린이집,전라북도 전주시 완산구 서곡로 22,35.83025964,127.0984415
302,마주노리어린이집,전라북도 전주시 완산구 용머리로 20,35.80415714,127.112516
303,까르르어린이집,전라북도 전주시 완산구 양지1길 16-3,35.79092759,127.118871
304,아이와어린이집,전라북도 전주시 완산구 효자동2가 우전로 180,35.81024102,127.1017938
305,꼬마벼리어린이집,전라북도 전주시 완산구 새터로 74,35.83521408,127.1142806
306,도담도담어린이집,전라북도 전주시 완산구 강변로 120,35.80156278,127.1128797
307,사랑샘어린이집,전라북도 전주시 완산구 용리로 179,35.79995967,127.1275199
308,팅커벨어린이집,전라북도 전주시 완산구 중화산동2가 영경1길 25,35.81826696,127.12524
309,재미랑어린이집,전라북도 전주시 완산구 서곡로 8,35.83177947,127.0966134
310,신난다어린이집,전라북도 전주시 완산구 당산로 101,35.83241109,127.118635
311,열방으로어린이집,전라북도 전주시 완산구 삼천천변2길 51,35.79695088,127.1150192
312,청운어린이집,전라북도 전주시 완산구 서곡로 34,35.83143239,127.0992794
313,둥근해어린이집,전라북도 전주시 완산구 삼천천변1길 32,35.79394568,127.1133443
314,엄마랑나랑어린이집,전라북도 전주시 완산구 평화로 120,35.78752842,127.1352116
315,세향어린이집,전라북도 전주시 완산구 소대배기로 33,35.78782363,127.1341297
316,도래샘어린이집,전라북도 전주시 완산구 새터로 100,35.83426465,127.1180498
317,예크어린이집,전라북도 전주시 완산구 서곡로 8,35.83177947,127.0966134
318,우리아가어린이집,전라북도 전주시 완산구 용머리로 29,35.80830077,127.1126286
319,행복한가정어린이집,전라북도 전주시 완산구 평화로 95,35.78510176,127.1331957
320,사과나무어린이집,전라북도 전주시 완산구 당산로 43,35.83252898,127.1126324
321,고운엄마품어린이집,전라북도 전주시 완산구 거마평로 109,35.80211162,127.1149155
322,꼬마대통령어린이집,전라북도 전주시 완산구 평화동2가 평화로 95,35.78510176,127.1331957
323,사랑가득어린이집,전라북도 전주시 완산구 서곡로 22,35.83025964,127.0984415
324,아가또래어린이집,전라북도 전주시 완산구 서신천변11길 22,35.8308328,127.1110926
325,살구나무어린이집,전라북도 전주시 완산구 평화로 95,35.78510176,127.1331957
326,아롱별어린이집,전라북도 전주시 완산구 서곡로 34,35.83143239,127.0992794
327,뽀로로어린이집,전라북도 전주시 완산구 전룡3길 11,35.82619013,127.1179281
328,파란나무어린이집,전라북도 전주시 완산구 효자동3가 유연로 217-11,35.82641738,127.1090006
329,예쁜사랑어린이집,전라북도 전주시 완산구 모악로 4705,35.78947492,127.1295343
330,대창가정어린이집,전라북도 전주시 완산구 새터로 100,35.83426465,127.1180498
331,평화그린어린이집,전라북도 전주시 완산구 평화로 100,35.78663581,127.1348871
332,이안어린이집,전라북도 전주시 완산구 삼천동1가 용리로 165,35.79912396,127.1249104
333,해피트리어린이집,전라북도 전주시 완산구 삼천천변3길 20,35.7967368,127.112096
334,아띠맘어린이집,전라북도 전주시 완산구 거마평로 139,35.80496429,127.1156678
335,곤지곤지어린이집,전라북도 전주시 완산구 평화로 100,35.78663581,127.1348871
336,다정어린이집,전라북도 전주시 완산구 삼천천변3길 20,35.7967368,127.112096
337,산들어린이집,전라북도 전주시 완산구 양지2길 10,35.79100213,127.1208614
338,금빛또래어린이집,전라북도 전주시 완산구 백제대로 31,35.79744025,127.1290677
339,꿈별어린이집,전라북도 전주시 완산구 서곡로 34,35.83143239,127.0992794
340,예스맘어린이집,전라북도 전주시 완산구 강변로 210,35.80700415,127.1106519
341,꿈이있는어린이집,전라북도 전주시 완산구 평화로 181,35.79264502,127.1358235
342,효자아이꿈어린이집,전라북도 전주시 완산구 거마평로 217,35.81083645,127.1143659
343,송정좋은친구 어린이집,전라북도 전주시 완산구 평화7길 40,35.78510901,127.1391306
344,송정아가방어린이집,전라북도 전주시 완산구 평화7길 40,35.78510901,127.1391306
345,솔밭영재어린이집,전라북도 전주시 완산구 양지2길 10,35.79100213,127.1208614
346,풍림아이원어린이집,전라북도 전주시 완산구 우전1길 40,35.80602744,127.105969
347,꿈오름 어린이집,전라북도 전주시 완산구 솟대로 10,35.79527015,127.1272377
348,베이비스쿨24시어린이집,전라북도 전주시 완산구 새터로 63,35.83579224,127.1129408
349,나래어린이집,전라북도 전주시 완산구 온고을로 119,35.83265626,127.1118344
350,아이깨비어린이집,전라북도 전주시 완산구 온고을로 119,35.83265626,127.1118344
351,삼천아기사랑어린이집,전라북도 전주시 완산구 삼천동1가 송정중앙로 19,35.80170479,127.1203491
352,파니파니어린이집,전라북도 전주시 완산구 서신로 102,35.83527881,127.1169762
353,엔젤어린이집,전라북도 전주시 완산구 세내로 559,35.83349772,127.0977246
354,해달별어린이집,전라북도 전주시 완산구 당산로 55,35.83252847,127.1144094
355,꽃잔디어린이집,전라북도 전주시 완산구 당산로 101,35.83241109,127.118635
356,꼬마꿈어린이집,전라북도 전주시 완산구 하거마6길 14-4,35.79719949,127.1187778
357,휴먼시아어린이집,전라북도 전주시 완산구 소태정로 1,35.80604358,127.0974304
358,도화어린이집,전라북도 전주시 완산구 용리로 162,35.79622852,127.1279569
359,젤로어린이집,전라북도 전주시 완산구 장승배기로 378-4,35.80472069,127.151084
360,송이송이어린이집,전라북도 전주시 완산구 백제대로 13,35.79628037,127.1306079
361,우리두리어린이집,전라북도 전주시 완산구 호암로 41,35.81043018,127.0993336
362,아이숲어린이집,전라북도 전주시 완산구 효자동2가 우전로 180,35.81024102,127.1017938
363,베이비팰리움어린이집,전라북도 전주시 완산구 호암로 40,35.80882672,127.0995864
364,나무숲어린이집,전라북도 전주시 완산구 용호로 147,35.81632844,127.0968513
365,풀빛유기농어린이집,전라북도 전주시 완산구 효자동3가 용호로 149,35.81656727,127.0968513
366,사랑숲어린이집,전라북도 전주시 완산구 신봉로 74,35.80877563,127.1222364
367,진주어린이집,전라북도 전주시 완산구 신봉로 64,35.80877022,127.1212615
368,해와달어린이집,전라북도 전주시 완산구 공북3길 27-2,35.82701916,127.1388072
369,행복웃음어린이집,전라북도 전주시 완산구 세내로 241,35.81273369,127.1096328
370,꼬마숲나라어린이집,전라북도 전주시 완산구 흑석로 31,35.80177473,127.1508681
371,현대아이사랑어린이집,전라북도 전주시 완산구 세내로 545,35.83269294,127.098777
372,브레인어린이집,전라북도 전주시 완산구 소태정5길 18-7,35.80452565,127.0979075
373,예린어린이집,전라북도 전주시 완산구 농소7길 23,35.81849684,127.0993172
374,꼬마스타어린이집,전라북도 전주시 완산구 효자동2가 소태정4길 23-4,35.80523276,127.1030025
375,예닮어린이집,전라북도 전주시 완산구 평화동2가 구이로 2065,35.78244163,127.1281826
376,금모래숲속어린이집,전라북도 전주시 완산구 평화동2가 양지3길 25,35.78978846,127.1204364
377,애플트리어린이집,전라북도 전주시 완산구 효자동2가 소태정로 1,35.80604358,127.0974304
378,연두어린이집,전라북도 전주시 완산구 효자동3가 농소7길 19,35.81839581,127.0989896
379,한아름어린이집,전라북도 전주시 완산구 효자동2가 호암로 40,35.80882672,127.0995864
380,금호리베폴어린이집,전라북도 전주시 완산구 효자동1가 효동3길 33,35.80246017,127.1298411
381,열린꼬마숲어린이집,전라북도 전주시 완산구 효자동1가 효동3길 33,35.80246017,127.1298411
382,테바솔어린이집,전라북도 전주시 완산구 효자동3가 농소7길 32-16,35.81807066,127.0991793
383,예수병원어린이집,전라북도 전주시 완산구 강당5길 18,35.81378907,127.1354474
384,전라북도청어린이집,전라북도 전주시 완산구 효자동3가 효자로 225,35.81944731,127.1063738
385,전북지방경찰청어린이집,전라북도 전주시 완산구 효자동3가 유연로 180,35.82426419,127.1050362
386,전주대학교 수퍼스타어린이집,전라북도 전주시 완산구 효자동2가 천잠로 303,35.81616417,127.0888841
