,도로명,위도,경도
0,전라북도 진안군 임진로 1328-1,35.6915915973016,127.397120554642
1,전라북도 진안군 관진로 802-3,35.7093309372848,127.325497674329
2,전라북도 진안군 관진로 790-0,35.7088576748039,127.324664980586
3,전라북도 진안군 임진로 2119-0,35.734779687673,127.368877204051
4,전라북도 진안군 마령면 마이산남로 183,35.7571842517981,127.393508915305
5,전라북도 진안군 진안읍 진무로 1079-1,35.7913428518927,127.426952638309
6,전라북도 진안군 중앙로 56-0,35.7903800041171,127.424314485414
7,전라북도 진안군 상역로 29-4,35.7964292156202,127.422991603144
8,전라북도 진안군 대광1길 2-0,35.7873748991984,127.420400424974
9,전라북도 진안군 진무로 959-0,35.7820337932334,127.424805344845
10,전라북도 진안군 진무로 1104 0,35.7918752303404,127.429305022651
11,전라북도 진안군 진무로 1119-0,35.7923513409723,127.430924060907
12,전라북도 진안군 진장로 51-12,35.7934940134804,127.436479628478
13,전라북도 진안군 중앙로 54 0,35.7901919649193,127.424171675914
14,전라북도 진안군 진안읍 진무로 1110,35.7919507463467,127.429862614619
15,전라북도 진안군 양지길 39 0,35.8395042232925,127.569131526655
16,전라북도 진안군 진성로 1620-0,35.8380761181886,127.568939918411
17,전라북도 진안군 진무로 2980-0,35.896348581671,127.551038622606
18,전라북도 전주시 완산구 서신천변9길 11 0,35.829691842309,127.113087761175
19,전라북도 진안군 부귀로 300-0,35.8359289590403,127.360668986265
20,전라북도 진안군 부귀로 347-0,35.8379332373177,127.365299834253
21,전라북도 진안군 곰티로 1299-0,35.7995760377666,127.336601439309
22,전라북도 진안군 안용로 1016-0,35.9655048447509,127.518826560548
23,전라북도 진안군 동상주천로 2221-0,35.9755314218793,127.426011492655
24,전라북도 정읍시 청수5길 15-1,35.5643783697957,126.853292145808
25,전라북도 정읍시 정읍사로 547-0,35.5521923401926,126.862930901485
26,전라북도 정읍시 관통로 30-0,35.5642950099705,126.860125847609
27,전라북도 정읍시 초산로 21-0,35.5611764776675,126.852603082119
28,전라북도 정읍시 남산5길 19-9,35.5594772050621,126.847415737746
29,전라북도 정읍시 천변로 350-1,35.5565383756512,126.864737747443
30,전라북도 정읍시 조곡천1길 59-0,35.5672863255938,126.851312189279
31,전라북도 정읍시 수성택지3길 19-0,35.5782109972578,126.856485430713
32,전라북도 정읍시 수성3로 7-0,35.5848425525623,126.855055698048
33,전라북도 정읍시 명덕1길 42-0,35.5791447782802,126.850292155241
34,전라북도 정읍시 수성3로 8-0,35.5846797012923,126.85476680697
35,전라북도 정읍시 우암로 45-0,35.5666318357973,126.855866288787
36,전라북도 정읍시 수성3로 39-1,35.5831666044884,126.857635843553
37,전라북도 정읍시 수성로 19-0,35.5801158019257,126.853344983057
38,전라북도 정읍시 정읍남로 500-0,35.5046847033815,126.794015019096
39,전라북도 정읍시 정읍남로 522-0,35.5067000925172,126.794425207237
40,전라북도 정읍시 상동중앙로 62-3,35.5620906374037,126.869303554795
41,전라북도 정읍시 학산로 97-0,35.5596131781182,126.87355906457
42,전라북도 정읍시 상동중앙로 69-0,35.5627657577467,126.869347462556
43,X,-32.0967361,-63.7940923
44,전라북도 정읍시 학산로 92-0,35.5602789550978,126.873632912772
45,전라북도 정읍시 상동중앙로 26-0,35.5591257057211,126.867224385393
46,전라북도 정읍시 하신경10길 2-9,35.5621674244396,126.872158287942
47,전라북도 정읍시 학산로 100-1,35.5596540961505,126.873129163587
48,전라북도 정읍시 충정로 181-0,35.5665885170949,126.860414180404
49,전라북도 정읍시 충정로 344-2,35.5758735213714,126.847700169024
50,전라북도 정읍시 연지7길 38-0,35.5716728328909,126.842843412821
51,전라북도 정읍시 중앙로 70-0,35.5703530527753,126.848108740615
52,전라북도 정읍시 연지6길 19-15,35.5727474990036,126.843366424259
53,전라북도 정읍시 중앙로 57-14,35.5713966427356,126.847805389055
54,전라북도 정읍시 태산로 1638-0,35.5709063642878,127.022163476197
55,전라북도 정읍시 서부산업도로 399-14,35.5827979735058,126.849763600647
56,전라북도 정읍시 칠보중앙로 118-1,35.6059125694433,126.989688460694
57,전라북도 정읍시 칠보중앙로 78-1,35.60319673586,126.992591366361
58,전라북도 정읍시 칠북로 448-0,35.60475526855,126.93034688213
59,전라북도 정읍시 정읍북로 631-26,35.6137171040697,126.890187957022
60,전라북도 정읍시 교동3길 5-0,35.6201899025766,126.771682192364
61,전라북도 정읍시 황토현로 818-0,35.6210958508243,126.843511511096
62,전라북도 정읍시 산외로 431-1,35.6212125458998,127.038940474306
63,전라북도 정읍시 영원로 1090-0,35.6558595015307,126.785630784054
64,전라북도 정읍시 옹지동촌로 216-0,35.6438162206988,126.974877380066
65,전라북도 정읍시 황토현로 297-0,35.6643575801131,126.838246690363
66,전라북도 정읍시 시장2길 24-14,35.6864283885143,126.888089158838
67,전라북도 정읍시 신태인1길 57-0,35.6865377762814,126.888059399088
68,전라북도 전주시 덕진구 모래내5길 10-0,35.8335860938165,127.144534589366
69,전라북도 전주시 덕진구 거북바우로 143-0,35.8432614326283,127.151142219538
70,전라북도 전주시 덕진구 명주3길 15-0,35.8438315190674,127.148068071327
71,전라북도 전주시 덕진구 심방죽로 57-0,35.8409721912614,127.151539561545
72,전라북도 전주시 덕진구 인교6길 15-0,35.8254133299433,127.171268813779
73,전라북도 전주시 덕진구 숲정이로 41-1,35.8323564949934,127.132339236933
74,전라북도 전주시 덕진구 팔달로 356-0,35.832278072487,127.138118134459
75,전라북도 전주시 덕진구 팔달로 339-0,35.8308198305022,127.138671298536
76,전라북도 전주시 덕진구 숲정이5길 75-0,35.8337639790399,127.128107053311
77,전라북도 전주시 덕진구 태진로 91-0,35.8291079143234,127.136047519907
78,전라북도 전주시 덕진구 중상보로 30-0,35.8330449472156,127.170802109934
79,전라북도 전주시 덕진구 석소3길 13-0,35.8341158530641,127.170017042404
80,전라북도 전주시 덕진구 아중중앙로 17-0,35.8298627254633,127.172108081884
81,전라북도 전주시 덕진구 정언신로 163-0,35.8313562858205,127.171290990718
82,전라북도 전주시 덕진구 아중6길 24-4,35.8323811617556,127.17182023012
83,전라북도 전주시 덕진구 아중중앙로 8-0,35.8292658744789,127.172888020975
84,전라북도 전주시 덕진구 한배미6길 23-0,35.8225842435468,127.169257099872
85,전라북도 전주시 덕진구 견훤로 310-0,35.8390441743269,127.156014643946
86,전라북도 전주시 덕진구 무삼지로 47-0,35.8298909120177,127.163672276218
87,전라북도 전주시 덕진구 한배미6길 20-0,35.8231591599104,127.168356419348
88,전라북도 전주시 덕진구 정언신로 70-0,35.8303834787895,127.161585889026
89,전라북도 전주시 덕진구 정언신로 70-0,35.8303834787895,127.161585889026
90,전라북도 전주시 덕진구 한배미4길 9-0,35.824207000057,127.166193155772
91,전라북도 전주시 덕진구 팽나무5길 18-0,35.8351276267176,127.155770786278
92,전라북도 전주시 덕진구 진버들1길 38-1,35.8373778956174,127.160422299145
93,전라북도 전주시 덕진구 동가재미1길 24-8,35.832020096653,127.163567412348
94,전라북도 전주시 덕진구 매봉로 10-0,35.8391323007151,127.142075268483
95,전라북도 전주시 덕진구 전주천동로 473-0,35.8354190956956,127.128401244528
96,전라북도 전주시 덕진구 삼송1길 4-0,35.8410420565256,127.132863821358
97,전라북도 전주시 덕진구 매봉로 48-1,35.842245564815,127.140728529483
98,전라북도 전주시 덕진구 태진로 131-2,35.8327037267983,127.135274166653
99,전라북도 전주시 덕진구 권삼득로 303-0,35.8432195149705,127.128450121907
100,전라북도 전주시 덕진구 용산1길 12-0,35.834951759062,127.130524866983
101,전라북도 전주시 덕진구 팔달로 377-0,35.8337495706427,127.136210502335
102,전라북도 전주시 덕진구 거북바우3길 13-0,35.838001939559,127.139074065949
103,전라북도 전주시 덕진구 건지로 12-0,35.8447891509972,127.142740657846
104,전라북도 전주시 덕진구 원만성로 3-0,35.8503434534598,127.082496636077
105,전라북도 전주시 덕진구 만성동로 12-0,35.8386229097525,127.07502205366
106,전라북도 전주시 덕진구 만성중앙로 35-0,35.8435707569453,127.075686542857
107,전라북도 전주시 덕진구 호반6길 13-4,35.8514119137202,127.117181579815
108,전라북도 전주시 덕진구 덕진연못3길 9-0,35.846863152232,127.120585533174
109,전라북도 전주시 덕진구 덕진연못3길 9-3,35.847075904919,127.120169527597
110,전라북도 전주시 덕진구 가련산로 14-0,35.8408949784418,127.110810438495
111,전라북도 전주시 덕진구 산정2길 8-0,35.837154077747,127.169700775437
112,전라북도 전주시 덕진구 아중천2길 46-0,35.836334552741,127.170790787531
113,전라북도 전주시 덕진구 안덕원로 370-0,35.8389461901357,127.167349112601
114,전라북도 전주시 덕진구 산정2길 13-0,35.8374718854723,127.169043887062
115,전라북도 전주시 덕진구 안덕원1길 30-0,35.8406323564656,127.165064533019
116,전라북도 전주시 덕진구 안덕원1길 39-0,35.840121102964,127.165763453798
117,전라북도 전주시 덕진구 견훤로 495-0,35.8550385917499,127.153838365184
118,전라북도 전주시 덕진구 우아3길 13-0,35.8487249050368,127.155545535042
119,전라북도 전주시 덕진구 도당산4길 63-0,35.8458818194248,127.154695607345
120,전라북도 전주시 덕진구 우아10길 21-0,35.8524417150105,127.157319731009
121,전라북도 전주시 덕진구 우아8길 18-0,35.8509872078996,127.157847892422
122,전라북도 전주시 덕진구 덕진연못1길 9-3,35.8451843599016,127.123184286022
123,전라북도 전주시 덕진구 명륜4길 25-0,35.8440589945947,127.127217704702
124,전라북도 전주시 덕진구 소리로 54-0,35.8536705349266,127.140864624359
125,전라북도 전주시 덕진구 권삼득로 390-0,35.8474947551604,127.121031157474
126,전라북도 전주시 덕진구 덕진광장로 1-7,35.8441346,127.1238957
127,전라북도 전주시 덕진구 들사평3길 16-2,35.8405904527534,127.122499668056
128,전라북도 전주시 덕진구 명륜2길 13-0,35.8417314222329,127.128644526962
129,전라북도 전주시 덕진구 기린대로 489-0,35.8427616178797,127.124393702237
130,전라북도 전주시 덕진구 기린대로 460-0,35.8414895299413,127.127285549112
131,전라북도 전주시 덕진구 들사평로 39-0,35.839864313232,127.123990377197
132,전라북도 전주시 덕진구 신복1길 46-0,35.8532733539713,127.106850706547
133,전라북도 전주시 덕진구 신복로 62-0,35.8563312389571,127.107640067708
134,전라북도 전주시 덕진구 신복3길 10-0,35.8537184388403,127.108110243778
135,전라북도 전주시 덕진구 팔복1길 6-0,35.8474667335251,127.104814955951
136,전라북도 전주시 덕진구 송천로 112-31,35.863097004612,127.117771744439
137,전라북도 전주시 덕진구 용소로 103-0,35.8639256363459,127.119486685581
138,전라북도 전주시 덕진구 솔내로 105-0,35.8594030668126,127.126345551464
139,전라북도 전주시 덕진구 송천4길 41-0,35.861690272018,127.11746021132
140,전라북도 전주시 덕진구 천마산로 100-0,35.8647714863503,127.13170630472
141,전라북도 전주시 덕진구 용소로 117-0,35.8638185596072,127.121204002239
142,전라북도 전주시 덕진구 솔내9길 25-0,35.8621686741062,127.124165937382
143,전라북도 전주시 덕진구 안전로 195-0,35.8413217975709,127.05794996611
144,전라북도 전주시 덕진구 쪽구름로 53-0,35.8704203150306,127.076116780669
145,전라북도 전주시 덕진구 기린대로 1018-12,35.8681747551632,127.075827632977
146,전라북도 전주시 덕진구 기린대로 1018-7,35.8684119777291,127.074656159508
147,전라북도 전주시 덕진구 호성로 19-0,35.8528088016682,127.151565623817
148,전라북도 전주시 덕진구 호성로 138-0,35.8636864675095,127.147820776413
149,전라북도 전주시 덕진구 호성로 80-0,35.8584989140128,127.149807390119
150,전라북도 전주시 덕진구 호성로 134-0,35.8634588107375,127.148186721976
151,전라북도 전주시 덕진구 소리로 191-1,35.8584854911148,127.152666829562
152,전라북도 전주시 덕진구 송천중앙로 192-0,35.8641541777455,127.122102671755
153,전라북도 전주시 덕진구 세병로 178-19,35.8803556763073,127.133658017684
154,전라북도 전주시 덕진구 솔내로 158-0,35.8642337495259,127.127150511572
155,전라북도 전주시 덕진구 전미로 37-8,35.8729561029285,127.113059516762
156,전라북도 전주시 덕진구 붓내3길 29-0,35.8693138266766,127.124498523451
157,전라북도 전주시 덕진구 세병로 138-0,35.8763360213095,127.136370182779
158,전라북도 전주시 덕진구 세병로 141-0,35.8764271544503,127.135479350718
159,전라북도 전주시 덕진구 천마산로 115-0,35.8651548862635,127.135349331576
160,전라북도 전주시 덕진구 세병로 178-4,35.8790272543343,127.133232425399
161,전라북도 전주시 덕진구 붓내2길 16-1,35.8649818966747,127.123505889259
162,전라북도 전주시 덕진구 호성로 170-0,35.8662934143636,127.145621571855
163,전라북도 전주시 덕진구 쪽구름로 120-0,35.874165037266,127.072145797154
164,전라북도 전주시 덕진구 용신길 1-0,35.8743111912146,127.061328996976
165,전라북도 전주시 덕진구 쪽구름로 109-0,35.8737578299719,127.073371576147
166,전라북도 전주시 덕진구 쪽구름로 111-0,35.8732141669993,127.072824167601
167,전라북도 전주시 덕진구 전미중앙로 117-0,35.8830005474852,127.109266233009
168,전라북도 전주시 완산구 모악산자락길 22-0,35.7674928861442,127.101535015527
169,전라북도 전주시 완산구 구이로 2011,35.7773008914703,127.128440344352
170,전라북도 전주시 완산구 평화3길 4-3,35.7832377036443,127.132844547424
171,전라북도 전주시 완산구 양지1길 16-3,35.7909275925748,127.118871016763
172,전라북도 전주시 완산구 모악로 4703-0,35.7893371375467,127.13042789589
173,전라북도 전주시 완산구 소대배기로 28 1층,35.7867672625131,127.13323059488
174,전라북도 전주시 완산구 양지2길 11-15,35.7928438471713,127.124843186506
175,전라북도 전주시 완산구 맏내로 28-0,35.7845374874075,127.127451414028
176,전라북도 전주시 완산구 구이로 2094-0,35.7832227922055,127.131981010755
177,전라북도 전주시 완산구 평화로 106-0,35.7860781585066,127.134442298222
178,전라북도 전주시 완산구 구이로 2094-0,35.7832227922055,127.131981010755
179,전라북도 전주시 완산구 평화13길 15-0,35.7905943889613,127.137477950376
180,전라북도 전주시 완산구 장승배기로 186,35.7954837372971,127.133243153299
181,전라북도 전주시 완산구 꽃밭정로 49,35.7982293659652,127.137862591988
182,전라북도 전주시 완산구 모악로 4746,35.7929159009291,127.132304673652
183,전라북도 전주시 완산구 덕적골2길 22-0,35.7966168304914,127.140196557937
184,전라북도 전주시 완산구 거마산로 3-0,35.7964591670955,127.121777539458
185,전라북도 전주시 완산구 거마산2길 21-4,35.796018643907,127.12264992079
186,전라북도 전주시 완산구 삼천천변1길 32-0,35.7939456759028,127.113344287763
187,전라북도 전주시 완산구 강변로 96-0,35.7998175056349,127.111214473813
188,전라북도 전주시 완산구 양지1길 15-11,35.7918520574471,127.120012436642
189,전라북도 전주시 완산구 삼천천변2길 39-0,35.796695419077,127.114594395816
190,전라북도 전주시 완산구 용리로 90-0,35.7984863754748,127.119626695058
191,전라북도 전주시 완산구 백제대로 58-0,35.7997485021856,127.129041676797
192,전라북도 전주시 완산구 거마중앙로 11-0,35.7966448224392,127.118077825489
193,전라북도 전주시 완산구 삼천천변3길 22-0,35.7978983287444,127.112019602921
194,전라북도 완주군 이서로 68-0,35.8202215590312,127.023986397104
195,전라북도 전주시 완산구 흑석로 21-1,35.8021969886626,127.150350805378
196,전라북도 전주시 완산구 서학로 19-0,35.8098505982376,127.151640184299
197,전라북도 전주시 완산구 장승배기로 378-4,35.804720685628,127.151083996295
198,전라북도 전주시 완산구 서학로 36-0,35.8094571405772,127.15339015191
199,전라북도 전주시 완산구 천경로 1-0,35.8066703473261,127.153038269295
200,전라북도 전주시 완산구 고덕산1길 14-0,35.7980559461358,127.178438615019
201,전라북도 전주시 완산구 춘향로 5277-0,35.8006628861847,127.17084262338
202,전라북도 전주시 완산구 매곡로 27 -17,35.8096080113394,127.144815758309
203,전라북도 전주시 완산구 용머리로 212 0,35.8077059644139,127.133223844827
204,전라북도 전주시 완산구 신봉로 48-0,35.8101975474396,127.12009303163
205,전라북도 전주시 완산구 안행로 112,35.8063201921669,127.13435027373
206,전라북도 전주시 완산구 안행로 116,35.8065275605531,127.134280366759
207,전라북도 전주시 완산구 신봉로 48 제일아파트상가,35.8101975474396,127.12009303163
208,전라북도 전주시 완산구 용머리로 103-18,35.8075944515971,127.12168754586
209,전라북도 전주시 완산구 효자천변1길 27,35.8004861572344,127.114190393034
210,전라북도 전주시 완산구 용머리로 9-13,35.806387588468,127.111055460273
211,전라북도 전주시 완산구 성지산3길 13-0,35.8053558730129,127.122155006898
212,전라북도 전주시 완산구 강변로 120-1,35.802074848628,127.114153613027
213,전라북도 전주시 완산구 거마평로 125-0,35.8041003397168,127.114634570697
214,전라북도 전주시 완산구 어진길 103-0,35.8166266839198,127.149008888167
215,전라북도 전주시 완산구 경기전길 120 0,35.814132451392,127.151026139153
216,전라북도 전주시 완산구 최명희길 7 0,35.8163298079091,127.153733338188
217,전라북도 전주시 완산구 기린대로 85-0,35.8170325433426,127.154067540846
218,전라북도 전주시 완산구 충경로 60,35.8180713393191,127.145753884446
219,전라북도 전주시 완산구 소태정로 1-0,35.8060435839491,127.097430445881
220,전라북도 전주시 완산구 우전2길 23-2,35.806499667579,127.107225381225
221,전라북도 전주시 완산구 우전2길 10-0,35.8052360003932,127.108038641783
222,전라북도 전주시 완산구 홍산남로 29-7,35.8160375308226,127.104988962191
223,전라북도 전주시 완산구 봉곡1길 36-2,35.813001483656,127.100846593244
224,전라북도 전주시 완산구 봉곡3길 38-0,35.8119308067763,127.10114243792
225,전라북도 전주시 완산구 구룡1길 15-0,35.8119102550438,127.103475739852
226,전라북도 전주시 완산구 우전2길 37-0,35.8076475068916,127.107133653473
227,전라북도 전주시 완산구 용호로 34-0,35.80742830677,127.100252375642
228,전라북도 전주시 완산구 서원로 354-0,35.8132319006814,127.132788044501
229,전라북도 전주시 완산구 전주객사5길 17 0,35.8189429334245,127.145468322971
230,전라북도 전주시 완산구 전주객사4길 24 -21,35.819392055398,127.144476876363
231,전라북도 전주시 완산구 전주객사5길 69,35.8211752743019,127.144563434504
232,전라북도 전주시 완산구 전주객사3길 27-0,35.8185267489394,127.142138911028
233,전라북도 전주시 완산구 전주객사4길 74-0,35.8209007762712,127.143262243727
234,전라북도 전주시 완산구 백제대로 26,35.8220077,127.1217869
235,전라북도 전주시 완산구 중산중앙로 16,35.8162753225547,127.119972940689
236,전북 전주시 완산구 메너머3길 35,35.8237261141026,127.118901530215
237,전라북도 전주시 완산구 서원로 280,35.8117252793145,127.125213194091
238,전라북도 전주시 완산구 산월2길 43-0,35.8139170197586,127.118400597925
239,전라북도 전주시 완산구 중산중앙로 36-0,35.8163923482348,127.122079625303
240,전라북도 전주시 완산구 효자로 320-0,35.8189567193645,127.120457226069
241,전라북도 전주시 완산구 화산천변로 55-0,35.8231141092245,127.115438976881
242,전라북도 전주시 완산구 서원로 270-0,35.8117798510499,127.123864382374
243,전라북도 전주시 완산구 중산로 43,35.8179037242838,127.120149451676
244,전라북도 전주시 완산구 태평3길 43 0,35.8240722229597,127.141890950186
245,전라북도 전주시 완산구 태평2길 12 0,35.8227618751317,127.140900626011
246,전라북도 전주시 완산구 공북로 77-0,35.8262331520325,127.140295768625
247,전라북도 전주시 완산구 태평2길 21-0,35.8237222845585,127.139563958575
248,전라북도 전주시 완산구 마당재4길 23-0,35.8229307589757,127.159381659288
249,전라북도 전주시 완산구 물왕멀로 71-0,35.8295158694737,127.151099107349
250,전라북도 전주시 완산구 인봉1길 48 -1,35.8243931692488,127.157858630975
251,전라북도 전주시 완산구 팔달로 262-9,35.8261266946543,127.144420688803
252,전라북도 전주시 완산구 기린대로 223-0,35.8263989021603,127.145667737772
253,전라북도 전주시 완산구 기린대로 161-18,35.8229193943213,127.149498045872
254,전라북도 전주시 완산구 노송광장로 37-0,35.8245198413441,127.146800055419
255,전라북도 전주시 완산구 서곡로 13-0,35.8323424231758,127.097250088118
256,전라북도 전주시 완산구 서곡7길 17,35.831774709843,127.100871337811
257,전라북도 전주시 완산구 황강서원로 12-0,35.8281363077941,127.098724278403
258,전라북도 전주시 완산구 배학3길 1-0,35.8197785746903,127.096828536413
259,전라북도 전주시 완산구 문학대3길 1-0,35.8266741496649,127.101697104231
260,전라북도 전주시 완산구 서곡로 77-0,35.8356985218537,127.101509395165
261,전라북도 전주시 완산구 척동9길 1-0,35.8246175262526,127.099808530651
262,전라북도 전주시 완산구 척동2길 3-0,35.8214446819971,127.100300096091
263,전라북도 전주시 완산구 농소2길 15-3,35.814283200756,127.098414013868
264,전라북도 전주시 완산구 서곡5길 16-0,35.8376753807744,127.101355407725
265,전라북도 전주시 완산구 전룡로 73-0,35.8280742384519,127.120621513183
266,전라북도 전주시 완산구 서신로 109 0,35.8351055402304,127.115625462922
267,전라북도 전주시 완산구 새터로 74 0,35.8352140762219,127.114280642813
268,전라북도 전주시 완산구 고사평8길 18 0,35.8366188635236,127.111986459467
269,전라북도 전주시 완산구 감나무4길 7-0,35.8314880960781,127.121981222799
270,전라북도 전주시 완산구 당산로 17-0,35.8326948119016,127.109710537311
271,전라북도 전주시 완산구 새터로 122-5,35.8351603446963,127.120210217152
272,전라북도 전주시 완산구 온고을로 1-0,35.8333102009299,127.122128334236
273,전라북도 전주시 완산구 전룡로 121-0,35.8291819607183,127.125908953659
274,전라북도 전주시 완산구 고사평3길 15-0,35.8363161272174,127.108252872509
275,전라북도 장수군 장수로 489 0,35.5322282042959,127.544048304872
276,전라북도 장수군 신평로 318 0,35.5329867926943,127.545690366063
277,전라북도 장수군 동강길 6-0,35.5329897582694,127.546050720173
278,전라북도 장수군 신덕길 9-4,35.5832095736147,127.395194574658
279,전라북도 장수군 비행로 8-0,35.5853882100516,127.393888223507
280,전라북도 장수군 비행로 28-1,35.5848010702637,127.395661600663
281,전라북도 장수군 산서면 비행로 24,35.584766486429,127.395269196549
282,전라북도 장수군 덕산로 18-0,0,0
283,전라북도 장수군 장천로 188-0,35.6489380751721,127.519226135537
284,전라북도 장수군 싸리재로 4-0,35.6491155875072,127.519235124104
285,전라북도 장수군 장천로 143-0,35.6451627358898,127.517464431462
286,전라북도 장수군 호비로 36-0,35.6491958763436,127.521408175932
287,전라북도 장수군 장천로 186 0,35.6487993572292,127.519061594841
288,전라북도 장수군 장수로 1886-0,35.6242182323001,127.506607814078
289,전라북도 장수군 장수로 3057-0,35.7016564543005,127.577375381814
290,X,-32.0967361,-63.7940923
291,전라북도 장수군 송탄로 36 0,35.7367902300471,127.533508896455
292,전라북도 장수군 한들로 145-0,35.7315595664463,127.587897452407
293,전라북도 장수군 한들로 81-0,35.7312345781502,127.581105862575
294,전라북도 장수군 장무로 235 0,35.7321370332509,127.583019809874
295,전라북도 장수군 성곡길 4-1,35.6837686715459,127.621629459254
296,전라북도 장수군 장무로 972-0,35.7859600352129,127.613444273694
297,전라북도 장수군 장무로 1345 0,35.8120174249809,127.629968245357
298,전라북도 임실군 오수로 178-0,35.540059996838,127.326856250077
299,전라북도 임실군 충효로 2044-0,35.5412406238697,127.329169619404
300,전라북도 임실군 오수로 178 0,35.540059996838,127.326856250077
301,전라북도 임실군 충효로 1299 0,35.5090045207163,127.275598335422
302,전라북도 임실군 호국로 68 0,35.5307329467115,127.165805315533
303,전라북도 임실군 갈담3길 18 0,35.5305551759815,127.163718730017
304,전라북도 임실군 호국로 7-0,35.5296687166939,127.160181718017
305,X,-32.0967361,-63.7940923
306,전라북도 임실군 봉황로 140-0,35.6131894621828,127.278673719624
307,전라북도 임실군 봉황로 313 0,35.6247238171733,127.291605547831
308,X,-32.0967361,-63.7940923
309,전라북도 임실군 봉황로 162 -2,35.6145643978562,127.280374391003
310,전라북도 임실군 운수로 17-0,35.6155372246042,127.283274486203
311,전라북도 임실군 임진로 213 0,35.6299185681114,127.333106358534
312,전라북도 임실군 석등슬치로 349 0,35.6552733534278,127.223660930957
313,전라북도 임실군 상운길 46-0,35.6648118,127.1541659
314,전라북도 임실군 구이로 6 0,35.609638480066,127.106610653881
315,전라북도 임실군 사선6길 10-0,35.674885987765,127.271034734316
316,전라북도 임실군 사선1길 27 0,35.674758122064,127.27078290135
317,전라북도 임실군 사선로 72 0,35.676665398517,127.268937926463
318,전라북도 임실군 사선1길 47 0,35.6763547938488,127.269794601863
319,X,-32.0967361,-63.7940923
320,전라북도 익산시 하맹길 186-0,36.0555878301278,127.000207546319
321,전라북도 익산시 진북로 278-0,36.0296947365534,127.008353057267
322,전라북도 익산시 황금로 516-0,36.0196096339677,126.983907609322
323,전라북도 익산시 춘포로 355-0,35.9022235681477,127.005761848043
324,전라북도 익산시 오산로 33-0,35.9410734752938,126.914420837928
325,전라북도 익산시   -,35.9482628600199,126.957744486694
326,전라북도 익산시   -,35.9482628600199,126.957744486694
327,전라북도 익산시 인북로 48-0,35.933527552713,126.951120629484
328,X,-32.0967361,-63.7940923
329,전라북도 익산시 평동로 661-0,35.9313488615297,126.952405965664
330,전라북도 익산시 평동로 610 0,35.9324363876428,126.946811708368
331,전라북도 익산시 인북로 40 0,35.9327389947521,126.950753761989
332,전라북도 익산시 평동로7길 15-0,35.9338105454735,126.947497519917
333,전라북도 익산시 번영로8길 223-0,35.9323730578868,126.941080407091
334,전라북도 익산시 중앙로 102-0,35.9376947293635,126.957791892278
335,전라북도 익산시 주현로 33 -4,35.9334406180377,126.955864619629
336,전라북도 익산시 인북로 93 0,35.9373873506362,126.952347932421
337,X,-32.0967361,-63.7940923
338,전라북도 익산시 약촌로 31-0,35.936901682265,126.977782126604
339,전라북도 익산시 익산대로 158-0,35.9402711923246,126.947486708577
340,X,-32.0967361,-63.7940923
341,전라북도 익산시 익산대로 188-0,35.9428016567184,126.948424092058
342,전라북도 익산시 익산대로16길 7-0,35.9407928719022,126.948201859991
343,전라북도 익산시 인북로 139-0,35.9415124535957,126.954028595064
344,전라북도 익산시 익산대로20길 31-0,35.9420216559514,126.95150994833
345,전라북도 익산시 중앙로5길 19-1,35.9408348937033,126.951050742638
346,전라북도 익산시 익산대로 204-0,35.9442037888282,126.94900903554
347,전라북도 익산시 중앙로5길 17-0,35.940963698218,126.950651908248
348,전라북도 익산시 익산대로 133 0,35.9382963114427,126.94629267684
349,전라북도 익산시 배산로 34-1,35.9402094439318,126.938010591044
350,전라북도 익산시 군익로 463-0,35.9432553371848,126.93673311287
351,전라북도 익산시 군익로 415-0,35.945284956683,126.931994609352
352,전라북도 익산시 중앙로15길 2-0,35.9387196411482,126.958101210459
353,전라북도 익산시 중앙로 139-0,35.9367961937788,126.961841991862
354,전라북도 익산시 주현로8길 57 0,35.9353437907624,126.961686989198
355,전라북도 익산시 서동로 125 -1,35.9353886146169,126.965040463189
356,전라북도 익산시 서동로 119 -1,35.9351020043984,126.964377007238
357,전라북도 익산시 서동로 161 0,35.9368441431674,126.968363679366
358,전라북도 익산시 서동로 99 0,35.934220516451,126.962369501683
359,전라북도 익산시 서동로5길 69 0,35.9357292426629,126.965206210054
360,전라북도 익산시 선화로1길 12-0,35.9508251154595,126.938251912262
361,전라북도 익산시 선화로23길 12-0,35.948665201528,126.946716929457
362,전라북도 익산시 고현로 96-0,35.9454582220546,126.943559230531
363,전라북도 익산시 배산로14길 5 0,35.9459395246065,126.939567542143
364,전라북도 익산시 고현로7길 4 0,35.9459609242843,126.943155105464
365,전라북도 익산시 고현로8길 1-0,35.9434884854799,126.942835357326
366,전라북도 익산시 선화로3길 39-1,35.9522646548111,126.940365447427
367,전라북도 익산시 선화로10길 17-0,35.9474707455399,126.946423129536
368,전라북도 익산시 선화로 120-0,0,0
369,전라북도 익산시 배산로 102-0,35.9468541117021,126.939760807078
370,전라북도 익산시 동서로 222-0,35.9532726902658,126.958551756197
371,전라북도 익산시 선화로47길 81-4,35.9510428792047,126.963383589849
372,전라북도 익산시 중앙로23길 1-0,35.9413557201162,126.957176294481
373,전라북도 익산시 인북로 290 -2,35.9542257750614,126.959676892985
374,전라북도 익산시 익산대로 219 0,35.9457462627868,126.949217741577
375,전라북도 익산시 동서로 229 0,35.9534175056543,126.959567567961
376,전라북도 익산시 인북로 254 0,35.9510284159955,126.958539738427
377,전라북도 익산시 인북로 248-0,35.9505545919784,126.958160247345
378,전라북도 익산시 선화로1길 57-35,35.9554592664906,126.935624777203
379,전라북도 익산시 무왕로22길 41-0,35.9557333577877,126.987435770814
380,전라북도 익산시 동서로63길 5-0,35.9527772685905,126.987247805224
381,전라북도 익산시 부송로1길 37-0,35.9558056666021,126.986867887214
382,전라북도 익산시 무왕로19길 30-0,35.9617064395279,126.98526581969
383,전라북도 익산시 무왕로 1114 0,35.9583663083139,126.980514916115
384,전라북도 익산시 무왕로 1122 0,35.9582710866344,126.981329694523
385,전라북도 익산시 고봉로30길 89 0,35.9557145005015,126.979976183714
386,전라북도 익산시 궁동로 83 0,35.9622578712652,126.980575042161
387,전라북도 익산시 궁동로 109-0,35.9626784001148,126.984347187379
388,전라북도 익산시 하나로 353-0,35.9520587953169,126.983515193897
389,전라북도 익산시 무왕로32길 78-0,35.9652492781342,127.015629152349
390,전라북도 익산시 무왕로31길 3 -1,35.9664051639869,127.012102958305
391,전라북도 익산시 선화로59길 19-0,35.9476016198913,126.969669696175
392,전라북도 익산시 무왕로 1082 0,35.9582861048724,126.976990537736
393,전라북도 익산시 무왕로 1052-0,35.9581196125943,126.973754185775
394,전라북도 익산시 고봉로30길 10 0,35.9561339862647,126.971329820206
395,전라북도 익산시 무왕로13길 3 0,35.9587741313807,126.976550979946
396,전라북도 익산시 무왕로 1089 0,35.9587805866242,126.977795399605
397,전라북도 익산시 무왕로 1101 0,35.9588526751206,126.979246319098
398,전라북도 익산시 무왕로 1085 0,35.9588086059798,126.977264855175
399,전라북도 익산시 무왕로9길 53 0,35.9632376650011,126.972953317259
400,X,-32.0967361,-63.7940923
401,전라북도 익산시 신동로 138-0,35.9582255188726,126.96622737079
402,전라북도 익산시 무왕로8길 40-0,35.9586156118201,126.96240870311
403,전라북도 익산시 무왕로 946-0,35.961842789826,126.963049806033
404,전라북도 익산시 무왕로 919-0,35.9632475005918,126.960622138068
405,전라북도 익산시 무왕로8길 16-0,35.9606361872203,126.96326819684
406,전라북도 익산시 동서로5길 96-0,35.9607031512485,126.958050359354
407,전라북도 익산시 부송로2길 14-0,35.954599645582,126.993829098172
408,전라북도 익산시 부송로 64-39,35.9578466375105,126.992321168891
409,전라북도 익산시 무왕로26길 19-0,35.9591379903854,126.998510256796
410,전라북도 익산시 무왕로25길 21-0,35.9619162206922,126.992885365152
411,전라북도 익산시 부송로2길 26 0,35.9555067927522,126.994859573684
412,전라북도 익산시 부송로 66 0,35.9574654111048,126.990998101398
413,전라북도 익산시 부송1로 123 0,35.9594933924605,126.994073812898
414,전라북도 익산시 하나로12길 33-0,35.9641022915136,126.984528050263
415,전라북도 익산시 무왕로 1202 0,35.959443109747,126.990077134766
416,전라북도 익산시 부송로 73 0,35.9580623432887,126.990363413218
417,전라북도 익산시 익산대로27길 21-0,35.9674761800786,126.950571779817
418,전라북도 익산시 황금로 15 0,36.0080940418765,126.945549238071
419,전라북도 익산시 황금로 19 0,36.0081942839072,126.94580339974
420,전라북도 익산시 황금로 4-0,36.0072505643933,126.94473045548
421,전라북도 익산시 미륵사지로1길 35-0,35.98980705902,127.053352973223
422,전라북도 익산시 금마길 40 -1,35.99030036034,127.052615515613
423,전라북도 익산시 왕궁로 525-0,35.9658579365593,127.088820773387
424,전라북도 익산시 여강로 4-0,36.0585317511974,127.084728658865
425,전라북도 익산시 여산동촌1길 13-11,36.0584755127635,127.085619415177
426,전라북도 익산시 용산로 541 0,36.0602920466957,126.911683130027
427,전라북도 익산시 서동로2길 26-0,35.9284283481744,126.958909232655
428,전라북도 익산시 서동로16길 4-0,35.9319956027886,126.95982592673
429,전라북도 익산시 평동로23길 47-0,35.9318613843084,126.962541384271
430,전라북도 익산시 동천로1길 2-0,35.9293373224771,126.967685073989
431,전라북도 익산시 서동로4길 17-0,35.9312308440978,126.959667407422
432,전라북도 익산시 목천로 358-0,35.9262576034256,126.960226845605
433,전라북도 익산시 평동로 758 0,35.9277124276021,126.961720700053
434,전라북도 익산시 동천로7길 35 0,35.9322575397042,126.969076272257
435,전라북도 익산시 서동로8길 62 0,35.9330394200268,126.964996063034
436,전라북도 익산시 서동로 100 0,35.9338125291092,126.962676325295
437,전라북도 익산시 함열5길 19-21,36.0746531582002,126.962318256741
438,전라북도 익산시 함열3길 22 0,36.0806388160844,126.960946715272
439,전라북도 익산시 함열중앙로 10-0,36.0789759668067,126.958517305672
440,전라북도 익산시 함열중앙로 7 0,36.0793763654248,126.95847623973
441,전라북도 익산시 함열중앙로 1 0,0,0
442,전라북도 익산시 함열1길 42 0,36.079513466546,126.958289541446
443,전라북도 익산시 함열중앙로 73 0,36.0779057810629,126.965378045175
444,전라북도 익산시 박전길 9 -1,36.0436089000586,126.958912499486
445,전라북도 익산시 함열5길 19-21,36.0746531582002,126.962318256741
446,전라북도 익산시 용동1길 80-7,36.1103736270552,126.992165186599
447,전라북도 익산시 용안교동1길 13-0,36.1191544569688,126.953123955937
448,전라북도 익산시   -,35.9482628600199,126.957744486694
449,X,-32.0967361,-63.7940923
450,전라북도 익산시 신작길 1-0,36.1460748810111,127.006240199927
451,전라북도 완주군 대아저수로 270-0,35.983899653331,127.248065970439
452,전라북도 완주군 고산천로 353 -1,35.9696140718729,127.182168266762
453,전라북도 완주군 신리로 91-0,35.770236648904,127.208394257064
454,전라북도 완주군 신리로 99-0,35.7701011211324,127.207860311216
455,전라북도 완주군 둔산1로 107-0,35.9600416155898,127.121608033552
456,전라북도 완주군 원둔산2길 33-0,35.9602822531298,127.123367540713
457,전라북도 완주군 둔산3로 66-0,35.9605765793695,127.126672782797
458,전라북도 완주군 원둔산6길 14 0,35.9629904742405,127.125971916445
459,전라북도 완주군 봉동동서로 110 0,35.9376237689551,127.164440108922
460,전라북도 완주군 신덕성덕길 58 -7,35.9220675949127,127.153758989554
461,전라북도 완주군 원둔산2길 17-0,35.9599524426307,127.124894364458
462,전라북도 완주군 둔산1로 86-0,35.9588816642203,127.122195986935
463,전라북도 완주군 구이로 1358-0,35.720702571249,127.120557388625
464,전라북도 완주군 덕평로 282-0,35.7444807333625,127.148703735367
465,전라북도 완주군 대덕길 4-0,35.6613951831099,127.111912125034
466,전라북도 완주군 송광수만로 248-0,35.8829246008707,127.243304162425
467,전라북도 완주군 평리길 34-0,35.8587746431899,127.206861319917
468,전라북도 완주군 전진로 1062-0,35.8432825465834,127.270315258569
469,전라북도 완주군 소양로 236-0,35.8557862143192,127.233915000872
470,전라북도 완주군 동학로 24-0,35.909875751732,127.075017581657
471,전라북도 완주군 후정로 27-0,35.9094101404508,127.069987159694
472,전라북도 완주군 삼례로 397-0,35.9120983221902,127.070548002178
473,전라북도 완주군 삼례역로 22-0,35.9094468554494,127.070697974839
474,전라북도 완주군 역참로 123-0,35.9196047427856,127.080257605407
475,전라북도 완주군 웃삼례길 39-6,35.9194910007503,127.08278676106
476,전라북도 완주군 구와로 5 0,35.9210218916481,127.104985934158
477,전라북도 완주군 경가천길 148 -3,36.0333765054443,127.263175757659
478,전라북도 완주군 화산로 798-2,36.0364832001051,127.20627658665
479,전라북도 완주군 운주로 110-0,36.0923347022991,127.278632767399
480,전라북도 부안군 줄포중앙로 49-0,35.5903948405707,126.678569324124
481,전라북도 부안군 줄포중앙로 49-0,35.5903948405707,126.678569324124
482,전라북도 부안군 줄포중앙로 60-0,35.5911247087869,126.679179356812
483,전라북도 부안군 격포로 127-0,35.6295634215891,126.475859032096
484,전라북도 부안군 지서로 71-0,35.6640080685539,126.52901665856
485,전라북도 부안군 지서로 82-0,35.6641573876052,126.527975198818
486,전라북도 부안군 격포중앙길 28-10,35.6226311941677,126.47026330204
487,전라북도 부안군 격포로 167-0,35.6269307897826,126.473131581702
488,전라북도 부안군 백산로 306-2,35.7013464816369,126.786649171865
489,전라북도 부안군 시기길 14-0,35.7181934935662,126.809712006862
490,전라북도 부안군 고인돌로 313-0,35.707036627625,126.658488709161
491,전라북도 부안군 부안로 1987-0,35.6851128865634,126.677688180347
492,전라북도 부안군 석정로 175-0,35.7300604614994,126.737224665052
493,전라북도 부안군 부풍로 69-0,35.7249695211905,126.732026633398
494,전라북도 부안군 번영로 63-0,35.7268106586455,126.727380899854
495,전라북도 부안군 학동길 11-1,35.7242722446213,126.739722431583
496,전라북도 부안군 석정로 311-0,35.7177956030965,126.737727229899
497,전라북도 부안군 오리정로 172-0,35.7220446820968,126.741572860542
498,전라북도 부안군 번영로 156-0,35.7262780634511,126.737581936229
499,전라북도 부안군 당산로 54-0,35.7293067842954,126.730445529148
500,전라북도 부안군 서외길 33-1,35.7276742639223,126.731674378144
501,전라북도 남원시 광한서로 9-0,35.4019901944052,127.377782780285
502,전라북도 남원시 이백로 161-0,35.4271771673753,127.425045698162
503,전라북도 남원시 내호곡3길 3-0,35.3383655850294,127.372713200641
504,전라북도 남원시 택내길 6-0,35.3281070819132,127.298793325735
505,전라북도 남원시 송기길 73-0,35.3563878762297,127.336583237851
506,전라북도 남원시 요천로 1306-8,35.3963801157589,127.366580824166
507,전라북도 남원시 노송로 1237-0,35.3947331479655,127.376222538607
508,전라북도 남원시 노송로 1255-9,35.3962494611684,127.376850408868
509,전라북도 남원시 의총로 15-0,35.4019229527749,127.376311201624
510,전라북도 남원시 가방뜰길 11-0,35.4020215389853,127.375302964081
511,전라북도 남원시 서문로 67,35.405476508061,127.37149924547
512,전라북도 남원시 양림길 72-0,35.4027956823008,127.389089692961
513,전라북도 남원시 동문로 30-0,35.408203538539,127.386068667673
514,전라북도 남원시 용성로 113-0,35.4100018411853,127.388542917109
515,전라북도 남원시 성황단길 10-0,35.4084297551774,127.370386112315
516,X,-32.0967361,-63.7940923
517,전라북도 남원시 대교2길 11-0,35.4132539526964,127.393419718408
518,전라북도 남원시 시청로 37-0,35.4137155019934,127.390981498572
519,전라북도 남원시 큰들1길 8-20,35.4146350290522,127.395959626722
520,전라북도 남원시 시청동로 12-3,35.4150413036126,127.392575231968
521,전라북도 남원시 용성로 227-0,35.4177958620852,127.396312562608
522,전라북도 남원시 동도4길 15-5,0,0
523,전라북도 남원시 오들1길 29-0,35.4184514824744,127.398884652017
524,전라북도 남원시 역재1길 6-1,35.4184661642152,127.398396074707
525,전라북도 남원시 붕맛1길 27-0,35.4172415834725,127.383005957423
526,전라북도 남원시 섬진로 883-0,35.3487749129988,127.228646879459
527,전라북도 남원시 낙현길 6,35.4229210323786,127.405802330638
528,전라북도 남원시 요천로 1814-0,35.424342321517,127.409723563624
529,전라북도 남원시 오들1길 82-0,35.4193059427138,127.401816607886
530,전라북도 남원시 운교2길 28-0,35.431044770756,127.325350482578
531,전라북도 남원시 덕오로 84-0,35.4974518271215,127.359574982488
532,전라북도 남원시 인월로 73-0,35.4614694711791,127.603304928748
533,전라북도 남원시 요천로 2911-0,35.492055847509,127.475201719702
534,전라북도 남원시 중절길 1-0,35.4832063617158,127.476612776803
535,전라북도 남원시 아백로 370-0,35.5075210303996,127.612357488176
536,전라북도 남원시 덕오로 308-0,35.5138046191866,127.352638745496
537,전라북도 남원시 신흥2길 25-0,35.5133531664813,127.40323985682
538,전라북도 군산시 공단대로 563-0,35.9698861530029,126.683944108771
539,전라북도 군산시 풍전4길 11-0,35.977477098283,126.679304454466
540,전라북도 군산시 공단대로 593-0,35.9716734674159,126.681451296542
541,전라북도 군산시 설림길 56 0,35.9750973564429,126.68291937114
542,전라북도 군산시 해망로 550-0,35.9828276732543,126.682167696649
543,전라북도 군산시 분멀길 15-0,35.9622583547771,126.569741094499
544,전라북도 군산시 새만금북로 297-0,35.9466639228676,126.569025877328
545,전라북도 군산시 가도로 197-0,35.9639921355849,126.566782865436
546,전라북도 군산시 분멀2길 4-0,35.9621676537913,126.567749513407
547,전라북도 군산시 옥구저수지로 220-0,35.9245829827,126.643971320862
548,전라북도 군산시 십자들로 642 0,36.0308725520384,126.831456667523
549,전라북도 군산시 창오1길 1-0,35.9840775787127,126.819816747635
550,X,-32.0967361,-63.7940923
551,전라북도 군산시 바르메길 32-0,35.9573798186235,126.795961938773
552,전라북도 군산시 대야시장로 15 0,35.9450071416758,126.816616981334
553,전라북도 군산시 동군산로 705-0,35.9845306661462,126.851199569339
554,전라북도 군산시 백릉로 38 0,35.9748800478684,126.730633555149
555,전라북도 군산시 회현로 178-0,35.9130579262583,126.75605720219
556,전라북도 군산시 옥산로 228-0,35.9427108453815,126.748708801068
557,전라북도 군산시 옥구로 2-0,35.9230983287474,126.68573422956
558,전라북도 군산시 옥구로 16-0,35.9226426119291,126.684375510028
559,전라북도 군산시 소룡안3길 19-0,35.9687012683186,126.680867225837
560,전라북도 군산시 칠성로 162-0,35.9692333199937,126.679264625837
561,전라북도 군산시 신창안길 31-0,35.9574580099096,126.635375248206
562,전라북도 군산시 부곡로 123-0,35.958200943713,126.676143460395
563,전라북도 군산시 미성로 503-0,35.9552676306401,126.676287895788
564,전라북도 군산시 대학로 487 0,35.9518644410778,126.686184854862
565,전라북도 군산시 미룡로 22 0,35.9426955658444,126.688069067208
566,전라북도 군산시 미룡로 32 0,35.9427372794056,126.689071128243
567,전라북도 군산시 황룡2길 18 0,35.9440609144825,126.687712035763
568,전라북도 군산시 황룡로 16 0,35.9453460002145,126.687162348733
569,전라북도 군산시 미룡로 5-0,35.9430658367931,126.686287029078
570,전라북도 군산시 황룡안길 27-17,35.9440348989356,126.686927900644
571,전라북도 군산시 미제2길 33-0,35.9472536873668,126.686451358502
572,전라북도 군산시 의료원로 163-0,35.9587408972711,126.698713989528
573,전라북도 군산시 수송로 11-0,35.9684868361857,126.698311333761
574,전라북도 군산시 백토로 128-0,35.9676965289021,126.705525582457
575,전라북도 군산시 수송로 71 0,35.9654767858407,126.704059710748
576,전라북도 군산시 상나운3길 12 0,35.9638323313403,126.692247241788
577,전라북도 군산시 대학로 335 0,35.9637513732064,126.693857438494
578,전라북도 군산시 나운안길 60 0,35.9663985497617,126.704783636184
579,전라북도 군산시 의료원로 159 0,35.9588613344397,126.698834470956
580,전라북도 군산시 의료원로 159 0,35.9588613344397,126.698834470956
581,전라북도 군산시 하나운로 38-0,35.962189687794,126.700779773076
582,전라북도 군산시 의료원로 42 0,35.9558040318417,126.711212846502
583,전라북도 군산시 신지길 61-0,35.957523651094,126.710938109233
584,전라북도 군산시 문화로 206-0,35.9699368229411,126.728614941957
585,전라북도 군산시 미장안길 42-0,35.9676155156319,126.729175430692
586,전라북도 군산시   -,35.9674665619218,126.736840487468
587,전라북도 군산시 남수송5길 49-2,35.962424037177,126.710528595939
588,전라북도 군산시 축동로 124-0,35.9703739476836,126.710837722774
589,전라북도 군산시 수송안6길 12-0,35.9634668171813,126.717853159503
590,전라북도 군산시 수송동로 100-0,35.9693224843145,126.720192553511
591,전라북도 군산시 진포2길 8-0,35.9713255513793,126.716079678978
592,전라북도 군산시 진포1길 10-0,35.9704023304313,126.716424345888
593,전라북도 군산시 월명로 205 0,35.9623376979669,126.715161040357
594,전라북도 군산시 월명로 300-0,35.9708081515718,126.715850815046
595,전라북도 군산시 동메1길 38 -11,35.9701580309269,126.714799795353
596,전라북도 군산시 월명로 293 0,35.9702887599156,126.715352220852
597,전라북도 군산시 내사길 43-0,35.9631761857581,126.745342862152
598,전라북도 군산시 서당길 9-0,35.9792282777461,126.751232807842
599,전라북도 군산시 백릉로 43-0,35.9754641285817,126.730749873929
600,전라북도 군산시 경암안2길 37-0,35.9785154225556,126.729581268896
601,전라북도 군산시 경암3길 66 0,35.9804485299142,126.729844005636
602,전라북도 군산시 경촌3길 23-0,35.9806540513029,126.735688890248
603,전라북도 군산시 경암안1길 80-0,35.9766329628955,126.730921088788
604,전라북도 군산시 구암3.1로 88-0,35.9812878372624,126.72888001273
605,전라북도 군산시 번영로 60-0,35.9716366418634,126.728335942191
606,전라북도 군산시 양안로 127-0,35.9736439674449,126.743700711342
607,전라북도 군산시 백릉로 87-6,35.976114051019,126.735919126032
608,전라북도 군산시 경촌안3길 11-0,35.9778046801223,126.736741087314
609,전라북도 군산시 신촌2길 6-0,35.9653285031391,126.73710233951
610,전라북도 군산시 신촌1길 26 0,35.9652056453751,126.739407422669
611,전라북도 군산시 경촌2길 25,35.9768116000145,126.735752483316
612,전라북도 군산시 번영로 188-22,35.9631166214146,126.737771600865
613,전라북도 군산시 양안로 137 0,35.9746058492364,126.743613448866
614,전라북도 군산시 조촌안2길 25 0,35.9713361266021,126.73488444594
615,전라북도 군산시 궁포2로 25-0,35.9818151413189,126.739743246574
616,전라북도 군산시 월명로 334 0,35.9740381269851,126.715944346695
617,전라북도 군산시 진포3길 55-2,35.9731099749581,126.721842812524
618,전라북도 군산시 월명로 398 0,35.9795065353873,126.715712638013
619,전라북도 군산시   -,35.9674665619218,126.736840487468
620,전라북도 군산시 중앙로 119 0,35.9840483065109,126.716058170625
621,전라북도 군산시 장미2길 13-0,35.9877013986658,126.716721743165
622,전라북도 군산시 구영6길 135-0,35.9896314885635,126.711732244732
623,전라북도 군산시 동령길 49 -8,35.9888148028495,126.713731516978
624,전라북도 군산시 대학로 7 0,35.9889119760159,126.713211741053
625,전라북도 군산시 중앙로 167 0,35.9867112015872,126.712134754441
626,전라북도 군산시 중앙로 170 -1,35.987080961768,126.712165902296
627,전라북도 군산시 삼학8길 50-0,35.9758597261582,126.713000625578
628,전라북도 군산시 미원로 51 -1,35.9777471534131,126.710812493264
629,전라북도 군산시 서흥1길 19 0,35.9716753527501,126.707759235918
630,전라북도 군산시 백토로 89-0,35.9710883290081,126.70600479917
631,전라북도 군산시 청소년회관로 51-0,35.9798567059706,126.699350483714
632,전라북도 군산시 신풍길 7 0,35.9794488383575,126.704880515687
633,전라북도 군산시 대학로 102-0,35.9816613959061,126.707580047263
634,전라북도 군산시 동산길 29 0,35.9905292342965,126.705143216455
635,전라북도 고창군 대성로 234-0,35.3386730906146,126.600334012391
636,전라북도 고창군 대성로 235-0,35.3388986147306,126.600037997867
637,전라북도 고창군 월곡1길 45-0,35.4385385015943,126.710258354869
638,전라북도 고창군 모양성로 51-0,35.4360505249623,126.700947392997
639,전라북도 고창군 중앙로 239 0,35.4352615617207,126.701549412482
640,전라북도 고창군 남정1길 57 0,35.4300993851765,126.696959080924
641,전라북도 고창군 중앙로 215 0,35.4353643659299,126.699065619314
642,전라북도 고창군 화신1길 9 0,35.436379574793,126.693321505323
643,전라북도 고창군 중앙로 206 0,35.4349832608598,126.698006938574
644,전라북도 고창군 교촌1길 18-0,35.4365689767014,126.704910297135
645,전라북도 고창군 중거리당산로 88-0,35.4278282348489,126.697563882708
646,전라북도 고창군 보릿골로 169-0,35.4404979843355,126.695543963983
647,전라북도 고창군 해리중앙로 142-0,35.4643890238389,126.537441018736
648,전라북도 고창군 해리중앙로 113 0,35.462065958631,126.538701716028
649,전라북도 고창군 심원로 192-0,35.5232320327194,126.549082449798
650,전라북도 고창군 진암구시포로 15-0,35.4427766655912,126.489331853224
651,전라북도 고창군 상포길 2-0,35.5581840497516,126.629236033942
652,전라북도 고창군 복분자로 903 0,35.5132391298488,126.67411728918
653,전라북도 고창군 무장읍성길 13-4,35.4153606731158,126.559900648614
654,전라북도 고창군 참나무정1길 8-0,35.3772858222067,126.512929690481
655,전라북도 고창군 참나무정1길 22 0,35.3781140354779,126.511900692954
656,전라북도 고창군 고인돌대로 2422-0,35.4947049368965,126.701437630374
657,전라북도 고창군 녹두로 801-0,35.4402790568464,126.636441630036
658,전라북도 고창군 녹두로 783 0,35.4403374619093,126.634322575907
659,전라북도 고창군 시기1길 49 0,35.5397076533337,126.741000201401
660,전라북도 고창군 문화1길 5 0,35.5190481582111,126.699729802412
