고유번호,구명,정원수,위도,경도
0,전주시 완산구,85,35.82915547,127.120266
1,전주시 완산구,34,35.80768237,127.1016488
2,전주시 완산구,37,35.80748439,127.0961354
3,전주시 완산구,47,37.70845095,127.0475462
4,전주시 완산구,47,35.807829,127.1027133
5,전주시 완산구,59,35.80293475,127.13717
6,전주시 완산구,141,35.80840155,127.1353327
7,전주시 완산구,73,35.8331357,127.0953507
8,전주시 완산구,157,35.81183501,127.1302554
9,전주시 완산구,120,35.79615507,127.1141678
10,전주시 완산구,77,35.78038033,127.1289512
11,전주시 완산구,123,35.8247749,127.149868
12,전주시 완산구,99,35.78856964,127.132795
13,전주시 완산구,99,35.78864283,127.1050927
14,전주시 완산구,48,35.82317749,127.1200191
15,전주시 완산구,159,35.81699345,127.1015843
16,전주시 완산구,79,35.7995669,127.1450915
17,전주시 완산구,97,38.32360681,128.5111372
18,전주시 완산구,45,35.79110725,127.1321311
19,전주시 완산구,72,35.79219592,127.1340619
20,전주시 완산구,41,35.79070168,127.1048901
21,전주시 완산구,74,35.77876997,127.1267258
22,전주시 완산구,99,35.81033192,127.133921
23,전주시 완산구,48,35.82078269,127.1148262
24,전주시 완산구,99,35.76823649,127.0943866
25,전주시 완산구,120,35.80863629,127.1168022
26,전주시 완산구,84,35.79374231,127.1699859
27,전주시 완산구,48,35.81404324,127.1134943
28,전주시 완산구,77,35.81186057,127.1413805
29,전주시 완산구,42,35.79561646,127.1418577
30,전주시 완산구,85,35.79789963,127.1322093
31,전주시 완산구,43,35.81005578,127.1155906
32,전주시 완산구,46,35.81473893,127.119266
33,전주시 완산구,78,35.81319855,127.1519712
34,전주시 완산구,78,35.79661683,127.1401966
35,전주시 완산구,99,35.80590869,127.1209223
36,전주시 완산구,69,35.814828,127.1202352
37,전주시 완산구,73,35.80957357,127.1245593
38,전주시 완산구,34,35.82311411,127.115439
39,전주시 완산구,210,35.828842,127.1274564
40,전주시 완산구,31,35.79394568,127.1133443
41,전주시 완산구,39,35.78244926,127.1033098
42,전주시 완산구,82,35.79433823,127.1293646
43,전주시 완산구,55,35.82677322,127.1135486
44,전주시 완산구,135,35.83568306,127.0972142
45,전주시 완산구,240,35.78426779,127.1363638
46,전주시 완산구,30,35.83142548,127.0974803
47,전주시 완산구,90,35.80649556,127.1513553
48,전주시 완산구,96,35.83375358,127.0941179
49,전주시 완산구,99,35.80022267,127.1323428
50,전주시 완산구,129,35.79713514,127.1202349
51,전주시 완산구,99,35.79962798,127.0804453
52,전주시 완산구,49,35.81969706,127.1164799
53,전주시 완산구,28,35.82070273,127.1628974
54,전주시 완산구,89,35.8253179,127.1194424
55,전주시 완산구,26,35.83521408,127.1142806
56,전주시 완산구,99,35.80117204,127.1286299
57,전주시 완산구,99,35.82009406,127.1147084
58,전주시 완산구,28,35.78782363,127.1341297
59,전주시 완산구,39,35.78883235,127.1200279
60,전주시 완산구,31,37.7660558,126.768558
61,전주시 완산구,99,35.79467495,127.135256
62,전주시 완산구,28,35.82089777,127.1515951
63,전주시 완산구,105,35.62936836,127.3274768
64,전주시 완산구,68,35.7954004,127.1380099
65,전주시 완산구,36,35.78040859,127.1148534
66,전주시 완산구,91,35.79761403,127.1436003
67,전주시 완산구,89,35.80322874,127.0844769
68,전주시 완산구,99,35.8021823,127.1327419
69,전주시 완산구,40,35.79548072,127.1140985
70,전주시 완산구,33,35.8308328,127.1110926
71,전주시 완산구,110,35.80562205,127.1083912
72,전주시 완산구,67,34.7709273,127.7039168
73,전주시 완산구,21,37.49972647,126.9428349
74,전주시 완산구,119,35.83146342,127.1197198
75,전주시 완산구,31,35.80361872,127.1283521
76,전주시 완산구,24,35.78984428,127.1157242
77,전주시 완산구,132,35.8214607,127.1144518
78,전주시 완산구,31,35.79431038,127.1152788
79,전주시 완산구,33,35.82724983,127.1211864
80,전주시 완산구,89,35.78750551,127.1201186
81,전주시 완산구,49,35.80880772,127.1289603
82,전주시 완산구,32,35.83307198,127.1093247
83,전주시 완산구,99,35.79313163,127.1028472
84,전주시 완산구,25,35.79536417,127.1114261
85,전주시 완산구,99,35.78938699,127.1361913
86,전주시 완산구,99,35.78677568,127.1315618
87,전주시 완산구,49,35.81361338,127.1382424
88,전주시 완산구,22,35.79309625,127.1166303
89,전주시 완산구,26,35.83143239,127.0992794
90,전주시 완산구,30,35.82127411,127.1156103
91,전주시 완산구,153,35.79568354,127.0884758
92,전주시 완산구,37,35.79572647,127.1152545
93,전주시 완산구,163,35.78321464,127.1331586
94,전주시 완산구,93,35.79675422,127.1164331
95,전주시 완산구,58,35.83340618,127.1216859
96,전주시 완산구,69,35.80142216,127.1321041
97,전주시 완산구,35,35.72892331,126.7293287
98,전주시 완산구,93,35.7967368,127.112096
99,전주시 완산구,36,37.47594397,126.8567405
100,전주시 완산구,99,35.81973276,127.1173001
101,전주시 완산구,214,35.82807111,127.1174063
102,전주시 완산구,28,35.78322279,127.131981
103,전주시 완산구,42,35.82393417,127.117292
104,전주시 완산구,49,35.82247904,127.1355912
105,전주시 완산구,25,35.83177947,127.0966134
106,전주시 완산구,38,35.8044343,127.1121053
107,전주시 완산구,26,35.81064708,127.1085536
108,전주시 완산구,46,35.8130709,127.1203256
109,전주시 완산구,37,35.82641738,127.1090006
110,전주시 완산구,29,35.78510901,127.1391306
111,전주시 완산구,300,35.78693607,127.1159158
112,전주시 완산구,26,35.84071385,127.1064989
113,전주시 완산구,67,35.81743429,127.1262694
114,전주시 완산구,45,35.80604358,127.0974304
115,전주시 완산구,21,36.60935963,127.4184411
116,전주시 완산구,56,35.81043018,127.0993336
117,전주시 완산구,37,35.79416949,127.118182
118,전주시 완산구,250,35.79165061,127.118027
119,전주시 완산구,45,37.20364032,127.5464217
120,전주시 완산구,69,35.83266095,127.0940491
121,전주시 완산구,80,35.79199103,127.1348915
122,전주시 완산구,33,35.80694099,127.1530423
123,전주시 완산구,43,35.79009018,127.1202794
124,전주시 완산구,53,35.83431132,127.0960053
125,전주시 완산구,99,35.80341666,127.0872396
126,전주시 완산구,30,35.79329229,127.1396979
127,전주시 완산구,47,35.81024102,127.1017938
128,전주시 완산구,99,35.80382675,127.1012507
129,전주시 완산구,41,35.79912396,127.1249104
130,전주시 완산구,25,35.81439897,127.1073162
131,전주시 완산구,25,35.81024885,127.131199
132,전주시 완산구,28,35.79333984,127.1411975
133,전주시 완산구,30,35.81410443,127.108626
134,전주시 완산구,53,35.81835354,127.1113605
135,전주시 완산구,21,35.80672988,127.1202424
136,전주시 완산구,29,35.81641036,127.1115189
137,전주시 완산구,16,35.83177947,127.0966134
138,전주시 완산구,13,37.47594397,126.8567405
139,전주시 완산구,20,35.83527881,127.1169762
140,전주시 완산구,20,35.79622021,127.1380755
141,전주시 완산구,19,35.80410034,127.1146346
142,전주시 완산구,20,35.79572647,127.1152545
143,전주시 완산구,19,35.79768781,127.1243781
144,전주시 완산구,19,35.80106667,127.1159683
145,전주시 완산구,19,35.79083253,127.1202094
146,전주시 완산구,13,37.47594397,126.8567405
147,전주시 완산구,19,37.49978543,126.9427333
148,전주시 완산구,20,35.80410034,127.1146346
149,전주시 완산구,16,35.83533777,127.1123274
150,전주시 완산구,20,35.83025964,127.0984415
151,전주시 완산구,13,35.83521408,127.1142806
152,전주시 완산구,20,35.78203212,127.1343488
153,전주시 완산구,19,37.70248423,127.0477945
154,전주시 완산구,16,37.47594397,126.8567405
155,전주시 완산구,18,37.47087797,126.931769
156,전주시 완산구,19,35.78510901,127.1391306
157,전주시 완산구,17,37.31437232,126.8158677
158,전주시 완산구,20,35.81177985,127.1238644
159,전주시 완산구,20,35.82593818,127.158897
160,전주시 완산구,19,37.31437232,126.8158677
161,전주시 완산구,19,37.49978543,126.9427333
162,전주시 완산구,13,35.83348323,127.1071126
163,전주시 완산구,13,35.83348323,127.1071126
164,전주시 완산구,20,35.81010031,127.1244271
165,전주시 완산구,15,37.49978543,126.9427333
166,전주시 완산구,19,35.78510176,127.1331957
167,전주시 완산구,19,35.79092759,127.118871
168,전주시 완산구,19,35.7998651,127.11169
169,전주시 완산구,19,35.81273369,127.1096328
170,전주시 완산구,20,35.81025701,127.1271244
171,전주시 완산구,19,35.78735976,127.1275753
172,전주시 완산구,18,35.79469344,127.1408195
173,전주시 완산구,17,35.79572647,127.1152545
174,전주시 완산구,20,37.7660558,126.768558
175,전주시 완산구,20,35.83574996,127.1086454
176,전주시 완산구,17,35.83228661,127.0974986
177,전주시 완산구,19,37.35656849,126.9449544
178,전주시 완산구,18,35.80361872,127.1283521
179,전주시 완산구,19,35.78510176,127.1331957
180,전주시 완산구,13,37.47087797,126.931769
181,전주시 완산구,19,35.79049694,127.1302943
182,전주시 완산구,19,37.70248423,127.0477945
183,전주시 완산구,20,37.51746312,126.8964937
184,전주시 완산구,20,35.81826696,127.12524
185,전주시 완산구,20,35.79329229,127.1396979
186,전주시 완산구,20,35.7998651,127.11169
187,전주시 완산구,14,35.78798652,127.1294969
188,전주시 완산구,18,35.80061326,127.1126323
189,전주시 완산구,20,35.79670036,127.12256
190,전주시 완산구,15,35.8308328,127.1110926
191,전주시 완산구,19,37.31437232,126.8158677
192,전주시 완산구,20,35.83677982,127.1149517
193,전주시 완산구,19,35.82853866,127.1193544
194,전주시 완산구,17,35.83177947,127.0966134
195,전주시 완산구,19,35.78615975,127.1272936
196,전주시 완산구,19,35.7911009,127.1158277
197,전주시 완산구,19,37.47600843,126.8573668
198,전주시 완산구,13,37.47594397,126.8567405
199,전주시 완산구,16,35.79695088,127.1150192
200,전주시 완산구,20,37.51746312,126.8964937
201,전주시 완산구,19,35.78510901,127.1391306
202,전주시 완산구,20,35.83349772,127.0977246
203,전주시 완산구,20,35.83111223,127.1127025
204,전주시 완산구,20,35.8139317,127.1295081
205,전주시 완산구,19,35.78735976,127.1275753
206,전주시 완산구,20,37.47087797,126.931769
207,전주시 완산구,19,35.80952137,127.1139376
208,전주시 완산구,19,35.79995967,127.1275199
209,전주시 완산구,20,35.79531542,127.118571
210,전주시 완산구,19,35.79572647,127.1152545
211,전주시 완산구,19,35.7967368,127.112096
212,전주시 완산구,13,35.83265626,127.1118344
213,전주시 완산구,19,35.80671603,127.1278134
214,전주시 완산구,19,35.83025964,127.0984415
215,전주시 완산구,19,35.80415714,127.112516
216,전주시 완산구,19,35.79092759,127.118871
217,전주시 완산구,20,35.81024102,127.1017938
218,전주시 완산구,13,35.83521408,127.1142806
219,전주시 완산구,13,37.74517382,128.882075
220,전주시 완산구,19,35.79995967,127.1275199
221,전주시 완산구,19,35.81826696,127.12524
222,전주시 완산구,13,35.83177947,127.0966134
223,전주시 완산구,20,37.36065514,126.9460249
224,전주시 완산구,13,35.79695088,127.1150192
225,전주시 완산구,12,35.83143239,127.0992794
226,전주시 완산구,13,35.79394568,127.1133443
227,전주시 완산구,19,37.70248423,127.0477945
228,전주시 완산구,19,35.78782363,127.1341297
229,전주시 완산구,19,37.47600843,126.8573668
230,전주시 완산구,16,35.83177947,127.0966134
231,전주시 완산구,19,35.80830077,127.1126286
232,전주시 완산구,19,35.78510176,127.1331957
233,전주시 완산구,20,35.72892331,126.7293287
234,전주시 완산구,13,35.80211162,127.1149155
235,전주시 완산구,19,35.78510176,127.1331957
236,전주시 완산구,19,35.83025964,127.0984415
237,전주시 완산구,13,35.8308328,127.1110926
238,전주시 완산구,19,35.78510176,127.1331957
239,전주시 완산구,12,35.83143239,127.0992794
240,전주시 완산구,20,35.82619013,127.1179281
241,전주시 완산구,19,35.82641738,127.1090006
242,전주시 완산구,13,35.78947492,127.1295343
243,전주시 완산구,19,37.47600843,126.8573668
244,전주시 완산구,19,37.7660558,126.768558
245,전주시 완산구,19,35.79912396,127.1249104
246,전주시 완산구,19,35.7967368,127.112096
247,전주시 완산구,19,35.80496429,127.1156678
248,전주시 완산구,13,37.7660558,126.768558
249,전주시 완산구,19,35.7967368,127.112096
250,전주시 완산구,19,37.47087797,126.931769
251,전주시 완산구,13,35.79744025,127.1290677
252,전주시 완산구,12,35.83143239,127.0992794
253,전주시 완산구,19,37.74760124,128.8916605
254,전주시 완산구,20,37.70797149,127.0478891
255,전주시 완산구,19,35.81083645,127.1143659
256,전주시 완산구,19,35.78510901,127.1391306
257,전주시 완산구,19,35.78510901,127.1391306
258,전주시 완산구,19,37.47087797,126.931769
259,전주시 완산구,20,35.80602744,127.105969
260,전주시 완산구,14,35.79527015,127.1272377
261,전주시 완산구,20,36.65797288,127.483571
262,전주시 완산구,13,35.83265626,127.1118344
263,전주시 완산구,16,35.83265626,127.1118344
264,전주시 완산구,20,37.49524924,129.1262832
265,전주시 완산구,19,35.83527881,127.1169762
266,전주시 완산구,20,35.83349772,127.0977246
267,전주시 완산구,19,37.35656849,126.9449544
268,전주시 완산구,20,37.36065514,126.9460249
269,전주시 완산구,20,35.79719949,127.1187778
270,전주시 완산구,20,35.80604358,127.0974304
271,전주시 완산구,13,35.79622852,127.1279569
272,전주시 완산구,18,35.80472069,127.151084
273,전주시 완산구,20,35.79628037,127.1306079
274,전주시 완산구,19,35.81043018,127.0993336
275,전주시 완산구,20,35.81024102,127.1017938
276,전주시 완산구,20,36.60935963,127.4184411
277,전주시 완산구,20,35.81632844,127.0968513
278,전주시 완산구,20,35.81656727,127.0968513
279,전주시 완산구,19,35.80877563,127.1222364
280,전주시 완산구,19,35.80877022,127.1212615
281,전주시 완산구,20,35.82701916,127.1388072
282,전주시 완산구,19,35.81273369,127.1096328
283,전주시 완산구,19,35.80177473,127.1508681
284,전주시 완산구,20,35.83269294,127.098777
285,전주시 완산구,20,35.80452565,127.0979075
286,전주시 완산구,20,35.81849684,127.0993172
287,전주시 완산구,20,35.80523276,127.1030025
288,전주시 완산구,20,35.78244163,127.1281826
289,전주시 완산구,19,36.81199938,127.1363877
290,전주시 완산구,20,35.80604358,127.0974304
291,전주시 완산구,20,35.81839581,127.0989896
292,전주시 완산구,20,36.60935963,127.4184411
293,전주시 완산구,19,35.80246017,127.1298411
294,전주시 완산구,20,35.80246017,127.1298411
295,전주시 완산구,20,35.81807066,127.0991793
296,전주시 완산구,49,35.81378907,127.1354474
297,전주시 완산구,80,35.81944731,127.1063738
298,전주시 완산구,80,35.82426419,127.1050362
299,전주시 완산구,85,35.81616417,127.0888841
300,전주시 덕진구,87,35.84982681,127.1546178
301,전주시 덕진구,131,35.85549061,127.1043039
302,전주시 덕진구,25,35.86515489,127.1353493
303,전주시 덕진구,99,35.87103707,127.0807711
304,전주시 덕진구,124,35.84169741,127.1567544
305,전주시 덕진구,58,35.87113893,127.0811367
306,전주시 덕진구,86,35.83988798,127.1387812
307,전주시 덕진구,48,35.86820272,127.1229622
308,전주시 덕진구,48,35.82747025,127.1625929
309,전주시 덕진구,99,35.86841198,127.0746562
310,전주시 덕진구,98,35.85980433,127.1258113
311,전주시 덕진구,73,35.87410781,127.1115162
312,전주시 덕진구,48,35.83488369,127.1432081
313,전주시 덕진구,77,35.83271067,127.1653216
314,전주시 덕진구,126,35.83238116,127.1718202
315,전주시 덕진구,265,35.86889171,127.1129835
316,전주시 덕진구,48,35.87407503,127.1127446
317,전주시 덕진구,99,35.87127137,127.1543042
318,전주시 덕진구,99,35.85355094,127.1906485
319,전주시 덕진구,49,35.83453646,127.1305242
320,전주시 덕진구,67,35.85596874,127.1209215
321,전주시 덕진구,96,35.84639679,127.1156842
322,전주시 덕진구,99,35.8411407,127.1315899
323,전주시 덕진구,79,35.82730713,127.1328834
324,전주시 덕진구,79,37.50627919,126.9503652
325,전주시 덕진구,79,35.85139346,127.1009799
326,전주시 덕진구,72,35.86163072,127.1208931
327,전주시 덕진구,48,35.83805553,127.062305
328,전주시 덕진구,66,35.82739041,127.1636449
329,전주시 덕진구,45,35.82227522,127.1679561
330,전주시 덕진구,97,35.8742392,127.0845942
331,전주시 덕진구,99,35.86283431,127.1270365
332,전주시 덕진구,124,35.84293706,127.1721222
333,전주시 덕진구,97,35.84256405,127.1546094
334,전주시 덕진구,51,35.86351741,127.1280246
335,전주시 덕진구,36,35.40928672,127.3883232
336,전주시 덕진구,34,35.86127244,127.1277148
337,전주시 덕진구,39,35.85053933,127.1059073
338,전주시 덕진구,138,35.86320662,127.1286472
339,전주시 덕진구,31,35.85803894,127.1500749
340,전주시 덕진구,65,35.82717977,127.1628614
341,전주시 덕진구,48,35.86704037,127.1287305
342,전주시 덕진구,77,35.82536401,127.1619225
343,전주시 덕진구,66,35.82530633,127.1659514
344,전주시 덕진구,42,35.82771785,127.1644943
345,전주시 덕진구,87,37.36539093,126.9646147
346,전주시 덕진구,200,35.87354945,127.0858967
347,전주시 덕진구,49,35.82822219,127.1640304
348,전주시 덕진구,90,35.87278566,127.078343
349,전주시 덕진구,114,35.84244963,127.1718914
350,전주시 덕진구,80,37.40469464,126.8983446
351,전주시 덕진구,49,35.84028419,127.1462137
352,전주시 덕진구,92,35.83707674,127.1434186
353,전주시 덕진구,137,35.87294559,127.1485422
354,전주시 덕진구,30,35.83363228,127.1651422
355,전주시 덕진구,87,35.87251773,127.142548
356,전주시 덕진구,34,35.84565766,127.1586467
357,전주시 덕진구,37,35.86606542,127.1134098
358,전주시 덕진구,37,35.84540711,127.1557548
359,전주시 덕진구,99,35.86431071,127.1587415
360,전주시 덕진구,49,35.82757705,127.1643754
361,전주시 덕진구,49,35.83417217,127.154403
362,전주시 덕진구,422,35.86025649,127.1133978
363,전주시 덕진구,49,35.87372145,127.1465096
364,전주시 덕진구,49,35.84049763,127.1455234
365,전주시 덕진구,99,35.83550068,127.1676777
366,전주시 덕진구,87,35.82895729,127.170484
367,전주시 덕진구,90,35.83638849,127.1594804
368,전주시 덕진구,30,35.83986196,127.1658519
369,전주시 덕진구,181,35.86119822,127.1088128
370,전주시 덕진구,39,35.82565196,127.1722289
371,전주시 덕진구,49,35.82470458,127.1709512
372,전주시 덕진구,99,35.83487138,127.1666664
373,전주시 덕진구,66,35.8360368,127.137145
374,전주시 덕진구,38,35.86500788,127.1266799
375,전주시 덕진구,39,35.84746673,127.104815
376,전주시 덕진구,99,35.854153,127.1527259
377,전주시 덕진구,72,35.86931383,127.1244985
378,전주시 덕진구,30,35.83271067,127.1653216
379,전주시 덕진구,61,35.83381368,127.1685981
380,전주시 덕진구,99,35.74887589,127.5382769
381,전주시 덕진구,82,35.86311822,127.1256559
382,전주시 덕진구,22,35.83068716,127.169083
383,전주시 덕진구,99,35.86024642,127.090539
384,전주시 덕진구,24,35.86790491,127.0771191
385,전주시 덕진구,288,35.85705228,127.1223851
386,전주시 덕진구,79,35.8677227,127.1299145
387,전주시 덕진구,25,35.86221293,127.1496314
388,전주시 덕진구,27,35.83772385,127.1537674
389,전주시 덕진구,25,35.86368647,127.1478208
390,전주시 덕진구,82,35.84139662,127.1466537
391,전주시 덕진구,76,35.87216397,127.1435408
392,전주시 덕진구,39,35.87499416,127.0712831
393,전주시 덕진구,39,35.84261453,127.1440857
394,전주시 덕진구,46,35.86477149,127.1317063
395,전주시 덕진구,112,35.83885522,127.1425589
396,전주시 덕진구,36,35.86629341,127.1456216
397,전주시 덕진구,108,35.86438273,127.133947
398,전주시 덕진구,59,35.83994842,127.1548923
399,전주시 덕진구,49,38.05509209,126.9704069
400,전주시 덕진구,27,35.83725553,127.1393008
401,전주시 덕진구,44,35.85298273,127.1189031
402,전주시 덕진구,34,35.86112204,127.0604973
403,전주시 덕진구,40,35.84094399,127.1117026
404,전주시 덕진구,91,35.8723671,127.0688154
405,전주시 덕진구,37,35.82733654,127.1675484
406,전주시 덕진구,24,35.83895266,127.1133424
407,전주시 덕진구,39,35.84567341,127.110156
408,전주시 덕진구,35,35.84520125,127.1096612
409,전주시 덕진구,21,35.84629754,127.1083656
410,전주시 덕진구,99,35.83893136,127.1147066
411,전주시 덕진구,39,35.84537965,127.1103948
412,전주시 덕진구,85,35.85904091,127.1258648
413,전주시 덕진구,71,35.85796359,127.1243543
414,전주시 덕진구,21,37.68082139,127.3402909
415,전주시 덕진구,40,37.67063847,127.2513057
416,전주시 덕진구,45,35.84396945,127.0573225
417,전주시 덕진구,57,35.83987476,127.0624036
418,전주시 덕진구,47,35.84282614,127.1068885
419,전주시 덕진구,23,35.87540248,127.0808751
420,전주시 덕진구,64,35.83993311,127.0610976
421,전주시 덕진구,45,35.83993216,127.0564009
422,전주시 덕진구,29,35.84431959,127.1079238
423,전주시 덕진구,38,35.84567354,127.1475257
424,전주시 덕진구,26,35.84571307,127.0589108
425,전주시 덕진구,33,35.86374099,127.1299748
426,전주시 덕진구,46,35.84344779,127.1120702
427,전주시 덕진구,49,35.84178105,127.0555384
428,전주시 덕진구,73,35.83851127,127.0746896
429,전주시 덕진구,73,35.87454355,127.1352299
430,전주시 덕진구,82,35.87207631,127.1322083
431,전주시 덕진구,97,35.87440204,127.1298461
432,전주시 덕진구,92,35.84818484,127.0797107
433,전주시 덕진구,71,35.87801123,127.1331095
434,전주시 덕진구,19,35.86931383,127.1244985
435,전주시 덕진구,19,35.86619968,127.1194816
436,전주시 덕진구,19,35.83994842,127.1548923
437,전주시 덕진구,16,35.82850789,127.1652203
438,전주시 덕진구,20,37.36539093,126.9646147
439,전주시 덕진구,13,35.85528311,127.1533395
440,전주시 덕진구,19,35.86931383,127.1244985
441,전주시 덕진구,13,35.87255633,127.0708942
442,전주시 덕진구,13,35.87188208,127.0817094
443,전주시 덕진구,13,35.86931383,127.1244985
444,전주시 덕진구,13,35.86931383,127.1244985
445,전주시 덕진구,13,35.84058954,127.1673486
446,전주시 덕진구,10,35.86841198,127.0746562
447,전주시 덕진구,14,35.84854514,127.1501317
448,전주시 덕진구,19,35.86790491,127.0771191
449,전주시 덕진구,18,35.86221293,127.1496314
450,전주시 덕진구,17,35.87272437,127.0684823
451,전주시 덕진구,20,35.85735698,127.154401
452,전주시 덕진구,20,35.86591628,127.1177993
453,전주시 덕진구,19,35.86931383,127.1244985
454,전주시 덕진구,13,35.86500788,127.1266799
455,전주시 덕진구,13,35.82858746,127.164768
456,전주시 덕진구,19,35.83004846,127.1684262
457,전주시 덕진구,13,35.82858746,127.164768
458,전주시 덕진구,19,35.85942009,127.1521699
459,전주시 덕진구,19,35.86515489,127.1353493
460,전주시 덕진구,19,35.8682208,127.1283436
461,전주시 덕진구,20,35.86477149,127.1317063
462,전주시 덕진구,13,37.6630354,127.2480653
463,전주시 덕진구,20,35.86221293,127.1496314
464,전주시 덕진구,19,35.86251929,127.1288431
465,전주시 덕진구,20,35.84412192,127.1645497
466,전주시 덕진구,13,35.82450963,127.1687272
467,전주시 덕진구,20,35.86251929,127.1288431
468,전주시 덕진구,18,35.86228776,127.1261232
469,전주시 덕진구,13,35.82850789,127.1652203
470,전주시 덕진구,19,35.8682208,127.1283436
471,전주시 덕진구,19,35.86593317,127.1181287
472,전주시 덕진구,19,37.36539093,126.9646147
473,전주시 덕진구,19,35.82971516,127.1357465
474,전주시 덕진구,20,35.86082455,127.1133982
475,전주시 덕진구,17,35.86350527,127.1122206
476,전주시 덕진구,19,35.84170707,126.9421974
477,전주시 덕진구,19,35.83363228,127.1651422
478,전주시 덕진구,20,35.83772385,127.1537674
479,전주시 덕진구,19,35.86931383,127.1244985
480,전주시 덕진구,19,35.86434943,127.1475255
481,전주시 덕진구,19,35.86790491,127.0771191
482,전주시 덕진구,20,35.85887962,127.1530135
483,전주시 덕진구,20,35.86053852,127.1133768
484,전주시 덕진구,20,35.84769394,127.1498872
485,전주시 덕진구,20,35.86635257,127.117808
486,전주시 덕진구,20,35.64380475,127.5052235
487,전주시 덕진구,19,35.86705277,127.0786489
488,전주시 덕진구,19,35.83772388,127.1511819
489,전주시 덕진구,13,35.82450963,127.1687272
490,전주시 덕진구,19,35.86931383,127.1244985
491,전주시 덕진구,19,35.8682208,127.1283436
492,전주시 덕진구,20,35.86515489,127.1353493
493,전주시 덕진구,11,35.82660395,127.1702745
494,전주시 덕진구,19,35.8682208,127.1283436
495,전주시 덕진구,20,35.85876844,127.1224823
496,전주시 덕진구,19,35.83068716,127.169083
497,전주시 덕진구,20,35.83051122,127.1356868
498,전주시 덕진구,11,35.84746673,127.104815
499,전주시 덕진구,20,35.83772385,127.1537674
500,전주시 덕진구,20,35.86591628,127.1177993
501,전주시 덕진구,11,35.83528993,127.162982
502,전주시 덕진구,19,35.82560666,127.1668431
503,전주시 덕진구,17,35.85725253,127.1550982
504,전주시 덕진구,19,35.86705277,127.0786489
505,전주시 덕진구,13,35.82858746,127.164768
506,전주시 덕진구,19,35.86434943,127.1475255
507,전주시 덕진구,19,35.8297226,127.1689167
508,전주시 덕진구,19,35.86251929,127.1288431
509,전주시 덕진구,20,35.83994842,127.1548923
510,전주시 덕진구,20,35.86082455,127.1133982
511,전주시 덕진구,20,35.99013308,127.0999731
512,전주시 덕진구,19,35.86127244,127.1277148
513,전주시 덕진구,20,35.83994842,127.1548923
514,전주시 덕진구,19,35.86251929,127.1288431
515,전주시 덕진구,13,35.82673115,127.1686571
516,전주시 덕진구,13,35.87647306,127.0777726
517,전주시 덕진구,19,35.64380475,127.5052235
518,전주시 덕진구,19,35.84063236,127.1650645
519,전주시 덕진구,20,35.83994842,127.1548923
520,전주시 덕진구,20,35.86434943,127.1475255
521,전주시 덕진구,13,35.82673115,127.1686571
522,전주시 덕진구,20,35.82971516,127.1357465
523,전주시 덕진구,13,35.86931383,127.1244985
524,전주시 덕진구,13,35.8682208,127.1283436
525,전주시 덕진구,19,35.83271067,127.1653216
526,전주시 덕진구,13,35.86677258,127.1126999
527,전주시 덕진구,20,35.83994842,127.1548923
528,전주시 덕진구,13,35.85803894,127.1500749
529,전주시 덕진구,20,35.83271067,127.1653216
530,전주시 덕진구,19,35.8682208,127.1283436
531,전주시 덕진구,11,35.83528993,127.162982
532,전주시 덕진구,20,35.86705277,127.0786489
533,전주시 덕진구,20,35.86629341,127.1456216
534,전주시 덕진구,17,35.83505235,127.1524142
535,전주시 덕진구,19,35.86705277,127.0786489
536,전주시 덕진구,20,35.8682208,127.1283436
537,전주시 덕진구,19,35.8297226,127.1689167
538,전주시 덕진구,20,35.82971516,127.1357465
539,전주시 덕진구,20,35.86477149,127.1317063
540,전주시 덕진구,20,35.86477149,127.1317063
541,전주시 덕진구,13,35.86931383,127.1244985
542,전주시 덕진구,20,35.86477149,127.1317063
543,전주시 덕진구,19,35.86931383,127.1244985
544,전주시 덕진구,19,35.83271067,127.1653216
545,전주시 덕진구,19,35.84864087,127.1058686
546,전주시 덕진구,19,35.85942009,127.1521699
547,전주시 덕진구,20,35.83772385,127.1537674
548,전주시 덕진구,11,35.83501909,127.1622632
549,전주시 덕진구,19,35.85695737,127.1183379
550,전주시 덕진구,19,35.83772385,127.1537674
551,전주시 덕진구,11,35.83501909,127.1622632
552,전주시 덕진구,13,35.85803894,127.1500749
553,전주시 덕진구,19,35.82591277,127.1337999
554,전주시 덕진구,20,35.86629341,127.1456216
555,전주시 덕진구,20,35.83970993,127.1623443
556,전주시 덕진구,16,35.84282614,127.1068885
557,전주시 덕진구,20,35.84461634,127.1499493
558,전주시 덕진구,16,35.84341929,127.163764
559,전주시 덕진구,19,35.83895266,127.1133424
560,전주시 덕진구,18,35.84094399,127.1117026
561,전주시 덕진구,17,35.84094399,127.1117026
562,전주시 덕진구,18,35.84094399,127.1117026
563,전주시 덕진구,19,35.83895266,127.1133424
564,전주시 덕진구,19,35.85254076,127.1162247
565,전주시 덕진구,19,35.84282614,127.1068885
566,전주시 덕진구,20,35.84629754,127.1083656
567,전주시 덕진구,20,35.84431959,127.1079238
568,전주시 덕진구,20,35.86066656,127.1294501
569,전주시 덕진구,13,35.85803894,127.1500749
570,전주시 덕진구,20,35.84396945,127.0573225
571,전주시 덕진구,20,35.84396945,127.0573225
572,전주시 덕진구,20,35.84571307,127.0589108
573,전주시 덕진구,20,36.42997701,127.3821458
574,전주시 덕진구,20,35.87207631,127.1322083
575,전주시 덕진구,20,35.87801123,127.1331095
576,전주시 덕진구,17,35.83851127,127.0746896
577,전주시 덕진구,20,35.84818484,127.0797107
578,전주시 덕진구,20,35.83342668,127.1640356
579,전주시 덕진구,99,35.85985689,127.0945292
580,전주시 덕진구,110,35.837298,127.0721794
581,전주시 덕진구,20,35.84544302,127.1539024
582,전주시 덕진구,80,35.84788528,127.1411043
583,전주시 덕진구,60,35.8411407,127.1315899
584,군산시,156,35.97453131,126.6789595
585,군산시,123,35.97242762,126.7005254
586,군산시,67,35.98454444,126.7028839
587,군산시,72,35.92506647,126.6425045
588,군산시,56,35.97553037,126.7089427
589,군산시,23,36.03566324,126.5537701
590,군산시,91,35.97523759,126.7160245
591,군산시,30,35.98315598,126.7116305
592,군산시,65,35.96337198,126.7233376
593,군산시,86,35.96581317,126.7085311
594,군산시,48,35.94144394,126.6895326
595,군산시,56,35.98805951,126.6976865
596,군산시,226,35.95875471,126.7123526
597,군산시,99,35.98746696,126.7869945
598,군산시,99,35.97684889,126.7311977
599,군산시,76,35.96424927,126.764211
600,군산시,99,35.92396695,126.6858406
601,군산시,84,35.96013514,126.6637742
602,군산시,91,35.97056055,126.6949864
603,군산시,99,35.97380984,126.7387087
604,군산시,72,35.97108833,126.7060048
605,군산시,61,35.99039547,126.8686601
606,군산시,80,35.91085262,126.7575025
607,군산시,80,35.9548789,126.7953894
608,군산시,61,35.98750874,126.849778
609,군산시,85,35.97958921,126.6993813
610,군산시,58,35.97971586,126.6991399
611,군산시,37,35.96061024,126.6875754
612,군산시,81,37.35645015,126.8516473
613,군산시,150,35.96056083,126.7118416
614,군산시,86,35.94691161,126.815183
615,군산시,40,35.93223024,126.7207344
616,군산시,84,37.1438704,128.2115252
617,군산시,244,35.97440614,126.7366649
618,군산시,52,35.96040682,126.6987798
619,군산시,61,37.57249319,127.0021421
620,군산시,97,35.94593136,126.8202455
621,군산시,52,35.96490257,126.696823
622,군산시,62,37.75788795,126.7775524
623,군산시,97,37.35941534,127.9548445
624,군산시,59,35.97204262,126.7098432
625,군산시,127,35.96424138,126.6765434
626,군산시,97,35.9716363,126.69341
627,군산시,52,35.97071718,126.7151887
628,군산시,139,35.96285144,126.6778301
629,군산시,119,37.35560478,126.847443
630,군산시,29,35.97271639,126.7079544
631,군산시,49,35.9543112,126.7075921
632,군산시,44,35.97622629,126.7054292
633,군산시,72,35.97882206,126.7313218
634,군산시,57,35.97844512,126.7176434
635,군산시,134,35.97036917,126.7102393
636,군산시,128,35.97400514,126.7425465
637,군산시,96,35.97219356,126.7025863
638,군산시,109,35.97449176,126.7137637
639,군산시,94,35.97087932,126.7047899
640,군산시,100,35.9706318,126.7019661
641,군산시,91,35.97380579,126.6957261
642,군산시,36,35.96276724,126.7046166
643,군산시,44,35.96163904,126.6763693
644,군산시,113,35.95748634,126.6753701
645,군산시,138,35.96932429,126.7028369
646,군산시,49,35.96419619,126.6985095
647,군산시,125,35.94529578,126.7078956
648,군산시,99,35.96135754,126.6763188
649,군산시,36,35.97407976,126.7044852
650,군산시,64,35.96092477,126.6782973
651,군산시,85,35.974324,126.745631
652,군산시,39,35.94264099,126.6869398
653,군산시,24,35.97646744,126.67752
654,군산시,112,35.97088209,126.7193901
655,군산시,97,35.96873118,126.7116266
656,군산시,125,35.95572517,126.7124499
657,군산시,192,35.96757986,126.6821244
658,군산시,57,35.97672719,126.7069692
659,군산시,140,35.96041852,126.6997078
660,군산시,39,35.97914788,126.7546895
661,군산시,97,35.9586546,126.6761352
662,군산시,63,35.96437656,126.6779157
663,군산시,78,35.9715002,126.7166486
664,군산시,138,35.97402377,126.6814409
665,군산시,81,35.97221492,126.741034
666,군산시,99,35.97600315,126.7109886
667,군산시,42,37.04344306,127.9239207
668,군산시,65,35.97092064,126.7276315
669,군산시,195,35.94584532,126.68992
670,군산시,129,35.97121048,126.7149084
671,군산시,36,35.97040233,126.7164243
672,군산시,47,35.97188412,126.6966287
673,군산시,32,35.96490142,126.7000256
674,군산시,69,35.97314477,126.7189057
675,군산시,47,35.97380579,126.6957261
676,군산시,27,35.95518216,126.7089663
677,군산시,37,35.96222316,126.7141421
678,군산시,38,35.96300274,126.7138426
679,군산시,31,35.96778566,126.7193642
680,군산시,30,35.96070067,126.7200925
681,군산시,32,35.96472729,126.7245668
682,군산시,36,35.96932248,126.7201926
683,군산시,89,35.97137856,126.7220905
684,군산시,51,37.5827229,126.9996029
685,군산시,46,35.96943732,126.7175475
686,군산시,84,35.9426199,126.6948523
687,군산시,42,37.58338956,127.0013221
688,군산시,52,35.96058107,126.736367
689,군산시,36,35.94437955,126.6882144
690,군산시,25,35.98094783,126.6767179
691,군산시,40,36.78385049,127.8632711
692,군산시,52,35.966926,126.5651869
693,군산시,40,35.97241371,126.7243566
694,군산시,39,35.96507104,126.6998822
695,군산시,32,35.97175967,126.7203367
696,군산시,40,34.4433706,126.5022436
697,군산시,40,35.9581525,126.72892
698,군산시,41,35.98788051,126.7763309
699,군산시,50,35.96659064,126.6799108
700,군산시,48,37.5378811,126.7201927
701,군산시,42,35.96136493,126.7251827
702,군산시,44,37.53746847,126.7220322
703,군산시,47,35.96347965,126.7347433
704,군산시,46,35.94762509,126.714858
705,군산시,26,35.95544013,126.7097247
706,군산시,55,35.96805975,126.7247449
707,군산시,47,36.78474391,127.0117402
708,군산시,20,35.96212617,126.7184058
709,군산시,20,35.96300274,126.7138426
710,군산시,20,35.97392303,126.7455395
711,군산시,19,35.977155,126.6850883
712,군산시,14,35.96094541,126.702836
713,군산시,20,35.96070067,126.7200925
714,군산시,20,35.96070067,126.7200925
715,군산시,20,35.96920354,126.7286388
716,군산시,20,35.96276724,126.7046166
717,군산시,20,35.9702901,126.742264
718,군산시,19,35.97886259,126.7192648
719,군산시,19,35.96932429,126.7028369
720,군산시,19,35.96678105,126.712098
721,군산시,20,35.96583424,126.6997888
722,군산시,17,35.94144394,126.6895326
723,군산시,19,35.96678105,126.712098
724,군산시,20,35.95927553,126.7030598
725,군산시,17,35.96265793,126.7008735
726,군산시,19,35.98568178,126.6928569
727,군산시,20,35.95927553,126.7030598
728,군산시,14,35.96094541,126.702836
729,군산시,20,35.96020776,126.7035321
730,군산시,20,35.96547679,126.7040597
731,군산시,14,35.96041852,126.6997078
732,군산시,19,35.95802599,126.7018723
733,군산시,20,35.9663285,126.7026188
734,군산시,18,35.9663285,126.7026188
735,군산시,13,35.94437955,126.6882144
736,군산시,20,35.9601811,126.6970783
737,군산시,19,35.97886259,126.7192648
738,군산시,19,35.95993082,126.7109235
739,군산시,20,36.17188657,127.7850017
740,군산시,17,35.97517003,126.6820451
741,군산시,17,35.97040233,126.7164243
742,군산시,13,35.95797951,126.7004684
743,군산시,20,35.94110693,126.6918273
744,군산시,19,37.5378811,126.7201927
745,군산시,16,35.94437955,126.6882144
746,군산시,20,35.96854273,126.7033803
747,군산시,20,35.94531341,126.6920538
748,군산시,19,35.977155,126.6850883
749,군산시,20,35.9601811,126.6970783
750,군산시,20,35.95648824,126.7073373
751,군산시,20,35.95819982,126.7028829
752,군산시,17,35.95886133,126.6988345
753,군산시,19,35.9663285,126.7026188
754,군산시,19,35.96678105,126.712098
755,군산시,20,35.96825797,126.7083542
756,군산시,20,35.9601811,126.6970783
757,군산시,19,35.98094783,126.6767179
758,군산시,20,35.96265793,126.7008735
759,군산시,19,35.98094783,126.6767179
760,군산시,19,35.98094783,126.6767179
761,군산시,19,35.96809831,126.6863565
762,군산시,20,35.96901583,126.7260662
763,군산시,18,35.97951318,126.7392293
764,군산시,20,35.96277801,126.7003816
765,군산시,20,35.96581355,126.7093961
766,군산시,20,35.96472729,126.7245668
767,군산시,20,35.98568178,126.6928569
768,군산시,11,35.95771892,126.6994442
769,군산시,20,35.96932248,126.7201926
770,군산시,20,35.98572586,126.7085402
771,군산시,20,35.96932248,126.7201926
772,군산시,19,35.96809831,126.6863565
773,군산시,13,35.95886133,126.6988345
774,군산시,19,35.98568178,126.6928569
775,군산시,18,35.94550224,126.6933998
776,군산시,20,35.96237905,126.7199032
777,군산시,13,35.96825797,126.7083542
778,군산시,20,35.96932248,126.7201926
779,군산시,13,35.96825797,126.7083542
780,군산시,13,35.98481795,126.7429979
781,군산시,17,35.97966929,126.6794519
782,군산시,13,35.94144394,126.6895326
783,군산시,19,36.54736721,127.1404461
784,군산시,20,35.96472729,126.7245668
785,군산시,19,37.33316844,126.8572706
786,군산시,20,35.96141924,126.7138702
787,군산시,19,36.54736721,127.1404461
788,군산시,20,35.94259567,126.6926312
789,군산시,13,35.96825797,126.7083542
790,군산시,16,35.94144394,126.6895326
791,군산시,20,35.94259567,126.6926312
792,군산시,17,37.5378811,126.7201927
793,군산시,20,35.96307694,126.5692642
794,군산시,20,35.96285577,126.6996906
795,군산시,19,35.97433088,126.7190956
796,군산시,13,35.96825797,126.7083542
797,군산시,20,37.58338956,127.0013221
798,군산시,20,35.96581317,126.7085311
799,군산시,14,37.35880934,127.9542512
800,군산시,20,35.96136493,126.7251827
801,군산시,20,37.29174982,127.5651808
802,군산시,20,35.96581317,126.7085311
803,군산시,10,35.97646744,126.67752
804,군산시,62,35.96838163,126.7009625
805,군산시,30,35.9567178,126.7144528
806,군산시,26,35.96689413,126.7109994
807,익산시,46,35.9324253,126.9710238
808,익산시,99,35.94678577,126.9591895
809,익산시,70,35.95741178,126.9854571
810,익산시,91,35.94812046,126.9535892
811,익산시,77,35.94703854,126.9598849
812,익산시,79,35.93747957,126.9675527
813,익산시,29,35.95949366,126.9940739
814,익산시,40,35.94124243,126.9287259
815,익산시,45,35.9295436,126.9644505
816,익산시,38,35.94805581,126.9374397
817,익산시,60,35.92688107,126.955317
818,익산시,48,35.97408531,126.9985382
819,익산시,74,36.00750184,126.9455453
820,익산시,60,35.95022374,126.9561336
821,익산시,99,35.92130157,126.9345245
822,익산시,82,35.94640606,127.0022535
823,익산시,86,36.08158397,126.9630682
824,익산시,89,36.03912937,127.0078998
825,익산시,97,36.01766217,126.9436408
826,익산시,49,35.94142079,126.971438
827,익산시,89,36.06118222,126.9069596
828,익산시,79,35.93189775,126.956528
829,익산시,30,36.12260363,126.9568257
830,익산시,60,35.99357581,126.9691505
831,익산시,89,35.93066549,127.0181495
832,익산시,85,35.94438129,126.9315358
833,익산시,80,35.99061712,127.0465674
834,익산시,49,35.93978665,126.9634115
835,익산시,70,35.96285711,126.9522421
836,익산시,79,36.06094884,127.0854885
837,익산시,81,35.9475477,126.9938268
838,익산시,79,35.95087676,126.9851705
839,익산시,35,35.94760528,126.9512399
840,익산시,58,35.93431087,126.946182
841,익산시,63,36.00203279,126.9437798
842,익산시,83,36.07770646,126.9636512
843,익산시,42,35.96737723,127.0905235
844,익산시,45,35.93744726,127.0856666
845,익산시,58,35.93623196,126.9589493
846,익산시,90,35.99044003,127.051202
847,익산시,77,35.96780245,126.9504148
848,익산시,70,35.94776033,126.9669449
849,익산시,92,35.95665251,126.9590391
850,익산시,141,35.96227087,126.9851484
851,익산시,60,36.08031947,126.966451
852,익산시,144,35.964241,126.9494805
853,익산시,92,35.95439781,126.97085
854,익산시,36,35.930452,126.9596871
855,익산시,72,35.95486477,126.9919714
856,익산시,72,36.76772063,127.7562691
857,익산시,49,35.95007451,126.9908898
858,익산시,31,35.95831686,126.9976812
859,익산시,137,35.94616654,126.9395568
860,익산시,75,35.9347825,126.9537531
861,익산시,78,35.93009852,126.9677158
862,익산시,112,35.95107606,126.9750281
863,익산시,108,35.93200693,126.9688278
864,익산시,103,35.95028477,126.9436458
865,익산시,79,35.93024023,126.9706698
866,익산시,47,35.93538931,126.969235
867,익산시,36,35.95153096,126.9731378
868,익산시,38,35.96593292,126.9746589
869,익산시,118,35.95242184,126.9507181
870,익산시,92,35.94970341,126.9343091
871,익산시,90,35.96963613,126.9849669
872,익산시,78,35.96465965,126.9834278
873,익산시,79,35.93736009,126.9508912
874,익산시,99,36.08221381,126.9676615
875,익산시,76,35.9478621,126.9477357
876,익산시,61,35.95099524,126.9700231
877,익산시,75,35.95845841,126.9640826
878,익산시,28,35.95741289,126.9842118
879,익산시,98,35.96033557,126.9996756
880,익산시,54,35.91649152,126.9801642
881,익산시,136,35.95164658,126.9407261
882,익산시,32,35.95925989,126.9842196
883,익산시,36,35.9626784,126.9843472
884,익산시,163,35.97149392,127.0253784
885,익산시,200,35.94926888,126.9709909
886,익산시,148,35.93003004,126.9732611
887,익산시,169,35.93788201,126.9391221
888,익산시,71,35.96004054,126.9653459
889,익산시,49,35.96463054,126.9373146
890,익산시,48,35.99855901,126.9441986
891,익산시,57,35.95817916,126.9917964
892,익산시,31,35.960329,126.972515
893,익산시,99,35.96239896,126.9733128
894,익산시,77,35.96585645,127.0919853
895,익산시,68,35.90451992,127.013817
896,익산시,43,35.95320637,126.9766088
897,익산시,64,35.95346781,126.9715641
898,익산시,161,35.95814449,126.987854
899,익산시,30,35.95682625,126.9549737
900,익산시,23,35.96250551,126.9924554
901,익산시,24,35.9563309,126.9807875
902,익산시,27,35.95534184,126.9816944
903,익산시,33,35.9295436,126.9644505
904,익산시,28,35.96353775,126.9786225
905,익산시,32,35.95672828,126.9357469
906,익산시,38,35.95113565,126.9329774
907,익산시,30,35.94805409,126.9317941
908,익산시,61,35.94553264,126.9312496
909,익산시,39,35.95266488,126.9376784
910,익산시,49,36.07626675,126.963029
911,익산시,196,35.94659446,126.9355934
912,익산시,28,35.96388667,126.9864303
913,익산시,42,35.94747075,126.9464231
914,익산시,38,35.9448483,126.9297962
915,익산시,36,35.95827961,126.9620595
916,익산시,40,36.32727725,127.4128227
917,익산시,32,36.32680851,127.4111889
918,익산시,40,35.95524288,126.9363111
919,익산시,46,35.95325,126.9844593
920,익산시,19,35.96375315,127.0155112
921,익산시,18,36.32727725,127.4128227
922,익산시,14,35.95573336,126.9874358
923,익산시,13,35.96060041,126.9795165
924,익산시,19,35.95411714,126.9738886
925,익산시,18,35.95160227,126.9757949
926,익산시,12,35.9563309,126.9807875
927,익산시,19,35.94747075,126.9464231
928,익산시,20,35.95430242,126.9888553
929,익산시,15,35.95629851,126.9881467
930,익산시,13,35.95266488,126.9376784
931,익산시,19,35.94556532,126.9413751
932,익산시,19,35.95223619,126.9429954
933,익산시,19,35.96002268,126.9854564
934,익산시,11,35.96353775,126.9786225
935,익산시,11,35.9563309,126.9807875
936,익산시,13,35.9626784,126.9843472
937,익산시,12,35.96336767,126.9735807
938,익산시,19,35.94347491,126.964372
939,익산시,20,35.95411714,126.9738886
940,익산시,19,35.95411714,126.9738886
941,익산시,19,35.95223619,126.9429954
942,익산시,13,35.9262576,126.9602268
943,익산시,19,35.94556532,126.9413751
944,익산시,20,35.95041691,126.9587736
945,익산시,20,35.95884002,126.9974592
946,익산시,19,35.96375315,127.0155112
947,익산시,14,35.96281766,126.9851948
948,익산시,18,35.95817916,126.9917964
949,익산시,20,35.96375315,127.0155112
950,익산시,19,35.94020944,126.9380106
951,익산시,18,35.95160227,126.9757949
952,익산시,13,35.9626784,126.9843472
953,익산시,19,35.94347491,126.964372
954,익산시,12,35.95534184,126.9816944
955,익산시,12,35.96353775,126.9786225
956,익산시,19,35.96034109,126.9738058
957,익산시,15,35.95490925,126.9881439
958,익산시,18,35.96034109,126.9738058
959,익산시,20,35.96152185,126.9796315
960,익산시,20,35.94495639,126.9653487
961,익산시,14,35.95611975,126.9767823
962,익산시,20,35.95068295,126.9742169
963,익산시,19,35.93237306,126.9410804
964,익산시,12,35.96336767,126.9735807
965,익산시,15,35.96353775,126.9786225
966,익산시,19,35.96034109,126.9738058
967,익산시,20,35.9565496,126.9707805
968,익산시,19,35.96152185,126.9796315
969,익산시,20,35.94803487,126.9405586
970,익산시,15,35.960329,126.972515
971,익산시,20,35.95430242,126.9888553
972,익산시,19,35.9295459,126.9584011
973,익산시,19,36.32727725,127.4128227
974,익산시,20,35.95662915,126.9750795
975,익산시,13,35.96250551,126.9924554
976,익산시,14,35.9626784,126.9843472
977,익산시,12,35.95629851,126.9881467
978,익산시,19,35.95831686,126.9976812
979,익산시,19,35.9565496,126.9707805
980,익산시,18,35.94504344,126.9385469
981,익산시,11,35.95534184,126.9816944
982,익산시,16,35.95587354,126.9808929
983,익산시,12,35.96336767,126.9735807
984,익산시,14,35.9626784,126.9843472
985,익산시,20,35.96034109,126.9738058
986,익산시,19,35.94803487,126.9405586
987,익산시,14,35.93237306,126.9410804
988,익산시,20,35.93519856,126.9687132
989,익산시,20,35.95661005,126.9726135
990,익산시,20,35.95847279,126.9986084
991,익산시,20,35.9571466,126.9948299
992,익산시,19,35.9406234,126.9368368
993,익산시,19,35.95611975,126.9767823
994,익산시,11,35.95925989,126.9842196
995,익산시,19,35.95831686,126.9976812
996,익산시,19,35.94747075,126.9464231
997,익산시,19,35.95936295,126.9998853
998,익산시,19,35.94020944,126.9380106
999,익산시,20,35.96075641,126.9865305
1000,익산시,19,35.94694642,126.9431268
1001,익산시,19,35.92725492,126.959696
1002,익산시,11,35.95534184,126.9816944
1003,익산시,20,35.93858708,126.9390008
1004,익산시,20,35.95430242,126.9888553
1005,익산시,19,35.96034109,126.9738058
1006,익산시,19,35.96060041,126.9795165
1007,익산시,14,35.9626784,126.9843472
1008,익산시,20,35.94556532,126.9413751
1009,익산시,19,35.94744607,126.9420084
1010,익산시,19,35.9580167,126.9910137
1011,익산시,20,35.9479119,126.9689143
1012,익산시,16,35.95411714,126.9738886
1013,익산시,13,35.94556532,126.9413751
1014,익산시,19,35.95868185,126.9928031
1015,익산시,14,35.95741289,126.9842118
1016,익산시,19,35.95611975,126.9767823
1017,익산시,19,35.95831686,126.9976812
1018,익산시,19,35.9479119,126.9689143
1019,익산시,19,35.96152185,126.9796315
1020,익산시,99,35.9642367,126.9579629
1021,익산시,77,35.94928184,126.9786275
1022,익산시,27,35.99860811,127.0639604
1023,익산시,39,36.06420629,127.0679234
1024,익산시,45,35.93840662,126.9333487
1025,정읍시,45,35.56437045,126.8356294
1026,정읍시,63,35.54916815,126.8391702
1027,정읍시,30,35.59529684,126.8215303
1028,정읍시,80,35.56962863,126.8463618
1029,정읍시,65,35.57137492,126.8319251
1030,정읍시,20,35.69410081,126.8851266
1031,정읍시,85,35.58325769,126.8541349
1032,정읍시,98,35.6141504,126.8893506
1033,정읍시,84,35.59810083,126.8652868
1034,정읍시,50,35.53839109,126.8906505
1035,정읍시,79,35.60240313,126.9922921
1036,정읍시,39,35.60363682,126.7787366
1037,정읍시,92,35.55713029,126.8687635
1038,정읍시,91,35.612015,126.835798
1039,정읍시,48,35.58317014,126.8634211
1040,정읍시,49,35.612015,126.835798
1041,정읍시,83,35.58317014,126.8634211
1042,정읍시,92,35.55770107,126.8727888
1043,정읍시,99,35.61763281,126.8661638
1044,정읍시,48,35.62113101,126.9024134
1045,정읍시,40,35.59454626,126.8627602
1046,정읍시,21,35.66005427,126.9706419
1047,정읍시,52,35.6500056,126.9451999
1048,정읍시,21,36.76945088,127.2387046
1049,정읍시,49,37.32918905,126.8192427
1050,정읍시,104,35.58405792,126.8575765
1051,정읍시,50,35.68617958,126.8912779
1052,정읍시,57,35.55873373,126.8742
1053,정읍시,39,35.60575064,126.8412257
1054,정읍시,30,35.57672558,126.8523855
1055,정읍시,49,35.56545187,126.8377883
1056,정읍시,79,35.56029982,126.8656672
1057,정읍시,56,35.58753058,126.8806236
1058,정읍시,39,35.55834369,126.8645077
1059,정읍시,49,35.57817439,126.8533994
1060,정읍시,39,35.55941293,126.8626989
1061,정읍시,199,35.5843403,126.8647871
1062,정읍시,99,35.58328057,126.865037
1063,정읍시,39,37.10835923,128.0284988
1064,정읍시,99,35.58131126,126.852441
1065,정읍시,134,35.55655828,126.8729268
1066,정읍시,64,35.55520732,126.8789716
1067,정읍시,99,35.68634561,126.8942227
1068,정읍시,161,35.55431567,126.8618639
1069,정읍시,49,35.56121638,126.861553
1070,정읍시,66,35.58396952,126.8595146
1071,정읍시,24,35.55652969,126.8761962
1072,정읍시,27,35.55382229,126.866583
1073,정읍시,21,35.55800599,126.8543907
1074,정읍시,19,35.55830483,126.8728491
1075,정읍시,20,35.56730314,126.8583111
1076,정읍시,13,35.56018842,126.875935
1077,정읍시,16,35.57635563,126.8576567
1078,정읍시,16,35.57635563,126.8576567
1079,정읍시,16,37.29785292,126.8634082
1080,정읍시,16,35.57207694,126.8659433
1081,정읍시,20,35.55727065,126.8718013
1082,정읍시,13,35.55873373,126.8742
1083,정읍시,18,35.56307925,126.8693623
1084,정읍시,13,35.57635563,126.8576567
1085,정읍시,13,35.58332078,126.8546576
1086,정읍시,20,35.57199404,126.8433174
1087,정읍시,13,36.85340393,127.4430078
1088,정읍시,13,35.55873373,126.8742
1089,정읍시,19,35.56264775,126.8730369
1090,정읍시,19,35.55802056,126.8759638
1091,정읍시,10,35.69463399,126.8927329
1092,정읍시,13,35.55873373,126.8742
1093,정읍시,20,35.55459998,126.8624496
1094,정읍시,20,35.55802056,126.8759638
1095,정읍시,20,35.58654628,126.8593987
1096,정읍시,18,35.55830483,126.8728491
1097,정읍시,20,35.56590484,126.8640835
1098,정읍시,20,37.01366287,127.2354065
1099,정읍시,39,35.56932723,126.8562986
1100,남원시,61,35.4295436,127.3255634
1101,남원시,31,35.4205391,127.3940255
1102,남원시,49,35.47233115,127.4615885
1103,남원시,99,35.41725149,127.3801281
1104,남원시,164,35.40545641,127.364278
1105,남원시,49,35.4222569,127.3995715
1106,남원시,49,36.07866613,126.7008484
1107,남원시,49,35.33660546,127.317871
1108,남원시,98,35.40641745,127.3863074
1109,남원시,64,35.39744858,127.3757476
1110,남원시,34,35.42217157,127.4243996
1111,남원시,55,35.43530483,127.5296468
1112,남원시,52,35.5084971,127.611936
1113,남원시,92,35.46005205,127.6022112
1114,남원시,99,35.4175082,127.3954475
1115,남원시,47,35.40854532,127.5318712
1116,남원시,99,35.4187534,127.394199
1117,남원시,25,35.42785276,127.4114975
1118,남원시,98,35.40944245,127.3807137
1119,남원시,160,35.42074766,127.4035264
1120,남원시,71,35.42688523,127.4096856
1121,남원시,90,35.42357425,127.4075032
1122,남원시,99,35.41686556,127.394815
1123,남원시,61,35.40707582,127.3776852
1124,남원시,88,35.41332058,127.369439
1125,남원시,92,35.47979407,127.5902063
1126,남원시,74,35.42050191,127.3992854
1127,남원시,99,35.41871526,127.3986503
1128,남원시,61,36.34818775,127.4553031
1129,남원시,91,35.40932123,127.3835589
1130,남원시,49,35.41419309,127.3916812
1131,남원시,39,35.41755061,127.6301464
1132,남원시,70,37.3613811,126.8773344
1133,남원시,39,35.42688523,127.4096856
1134,남원시,68,35.41080537,127.3813582
1135,남원시,46,35.4124549,127.3885861
1136,남원시,60,37.47782145,126.8632444
1137,남원시,49,35.42472027,127.402857
1138,남원시,39,35.40382197,127.3724338
1139,남원시,45,35.39972015,127.3677296
1140,남원시,27,35.42342034,127.4062095
1141,남원시,19,35.41793721,127.3988507
1142,남원시,17,35.42032837,127.4014987
1143,남원시,20,35.42625558,127.4021229
1144,남원시,19,35.41152778,127.3857549
1145,남원시,19,35.4173413,127.3826849
1146,남원시,20,35.41891215,127.4032535
1147,남원시,16,35.41793721,127.3988507
1148,남원시,13,35.41686556,127.394815
1149,남원시,18,35.41891215,127.4032535
1150,남원시,17,35.41793721,127.3988507
1151,남원시,20,35.41891215,127.4032535
1152,남원시,17,35.4173413,127.3826849
1153,남원시,20,35.41338486,127.385442
1154,남원시,17,35.41677683,127.3989694
1155,남원시,20,35.41930594,127.4018166
1156,남원시,18,35.41147073,127.381726
1157,남원시,20,35.41793721,127.3988507
1158,남원시,19,35.39408312,127.3757288
1159,남원시,16,35.39553171,127.3656875
1160,남원시,15,35.42589138,127.4082959
1161,남원시,13,35.41686556,127.394815
1162,남원시,18,35.41740467,127.3940041
1163,남원시,14,35.42032837,127.4014987
1164,김제시,95,35.80707249,126.8975101
1165,김제시,60,35.8097341,126.7919374
1166,김제시,80,35.79978828,126.880675
1167,김제시,131,35.80290626,126.8884378
1168,김제시,90,35.79420991,126.8846455
1169,김제시,94,35.87788376,126.9482622
1170,김제시,91,35.85102277,126.8207911
1171,김제시,48,35.79019037,126.8513252
1172,김제시,72,35.78019953,126.9244702
1173,김제시,79,36.59912853,126.6481585
1174,김제시,123,35.79572377,126.9034806
1175,김제시,124,35.79974174,126.9004346
1176,김제시,80,35.79151296,126.8986472
1177,김제시,82,35.77203465,127.009928
1178,김제시,60,35.77606658,127.0084514
1179,김제시,79,35.71541973,126.9982853
1180,김제시,99,35.80115282,126.9082222
1181,김제시,77,35.71830836,126.9961732
1182,김제시,53,35.80219505,126.896883
1183,김제시,63,35.79600137,126.9033816
1184,김제시,99,35.80368015,126.8996582
1185,김제시,30,35.80689365,126.8908176
1186,김제시,44,35.80117788,126.8966697
1187,김제시,23,35.80252976,126.9048441
1188,김제시,62,35.80308887,126.8997074
1189,김제시,24,35.8010828,126.9054398
1190,김제시,49,35.79963259,126.898496
1191,김제시,40,35.79774791,126.8783329
1192,김제시,32,35.80315398,126.9069178
1193,김제시,21,35.80971005,126.8928694
1194,김제시,13,35.80101645,126.9061117
1195,김제시,20,35.80658657,126.8891186
1196,김제시,13,35.7970927,126.9042696
1197,김제시,20,35.80674764,126.8897278
1198,김제시,20,35.80207076,126.9000861
1199,김제시,13,35.80611038,126.8945721
1200,김제시,13,35.80207076,126.9000861
1201,김제시,11,35.80383932,126.8989078
1202,김제시,13,35.7970927,126.9042696
1203,김제시,16,35.80110225,126.8994188
1204,김제시,16,35.80110225,126.8994188
1205,김제시,12,35.85741023,126.8189847
1206,김제시,13,35.80101645,126.9061117
1207,김제시,11,35.80383932,126.8989078
1208,김제시,20,35.80428978,126.8933894
1209,김제시,13,35.79460832,126.8936996
1210,김제시,20,35.79725284,126.8801241
1211,김제시,49,35.81980644,126.9248615
1212,완주군,54,35.9609137,127.1284041
1213,완주군,91,35.88164648,127.2428427
1214,완주군,20,36.03164682,127.1994232
1215,완주군,45,35.92990221,127.1577801
1216,완주군,58,35.83457264,127.0550705
1217,완주군,44,35.99425558,127.1302364
1218,완주군,82,35.9063281,127.0719952
1219,완주군,78,35.76229128,127.2157942
1220,완주군,84,35.82208736,127.0126801
1221,완주군,79,35.93294417,127.1507674
1222,완주군,99,35.92402891,127.0929367
1223,완주군,79,35.93590533,127.1674702
1224,완주군,95,35.91513974,127.0759005
1225,완주군,99,35.78958085,127.2299604
1226,완주군,86,35.97495603,127.210342
1227,완주군,92,35.90241832,127.1697778
1228,완주군,58,35.92760197,127.1621038
1229,완주군,49,36.93709527,128.3212025
1230,완주군,79,35.74685323,127.1186195
1231,완주군,99,35.90815527,127.0661277
1232,완주군,49,35.93502921,127.1672266
1233,완주군,159,35.91157645,127.0678117
1234,완주군,79,35.88219424,127.1524192
1235,완주군,47,35.73987171,127.1395302
1236,완주군,54,36.0911395,127.2756377
1237,완주군,36,35.90921999,127.0708954
1238,완주군,89,35.95733517,127.1238304
1239,완주군,49,35.93615536,127.1638553
1240,완주군,99,35.92645466,127.1726599
1241,완주군,70,35.96003314,127.1252916
1242,완주군,99,35.90592441,127.0723777
1243,완주군,63,35.72046655,127.1171624
1244,완주군,51,35.90010451,127.0952327
1245,완주군,120,35.87305799,127.1796113
1246,완주군,90,35.93373666,127.174993
1247,완주군,24,35.96228409,127.1230138
1248,완주군,25,35.96436776,127.1222157
1249,완주군,85,35.93327929,127.1620829
1250,완주군,42,35.96004162,127.121608
1251,완주군,29,35.77010112,127.2078603
1252,완주군,21,35.96234444,127.1217193
1253,완주군,23,35.96396658,127.1254809
1254,완주군,46,35.83745205,127.0531132
1255,완주군,60,35.82720329,127.0219656
1256,완주군,48,35.8397883,127.0554842
1257,완주군,124,35.83379876,127.0540179
1258,완주군,29,35.83271421,127.0163682
1259,완주군,44,35.82561817,127.0237718
1260,완주군,53,35.83663372,127.0541027
1261,완주군,38,35.93353751,127.1659007
1262,완주군,20,35.9615585,127.1260515
1263,완주군,16,35.77010112,127.2078603
1264,완주군,19,35.77010112,127.2078603
1265,완주군,20,35.9615585,127.1260515
1266,완주군,20,35.9615585,127.1260515
1267,완주군,20,35.96228409,127.1230138
1268,완주군,20,35.9615585,127.1260515
1269,완주군,17,35.82384397,127.0217529
1270,완주군,15,35.81913282,127.025812
1271,완주군,20,35.96228409,127.1230138
1272,완주군,19,35.96228409,127.1230138
1273,완주군,20,35.9615585,127.1260515
1274,완주군,20,35.96004162,127.121608
1275,완주군,20,35.96436776,127.1222157
1276,완주군,20,35.96436776,127.1222157
1277,완주군,20,35.96436776,127.1222157
1278,완주군,20,35.96004162,127.121608
1279,완주군,18,35.96004162,127.121608
1280,완주군,20,35.96423922,127.1216152
1281,완주군,20,35.96423922,127.1216152
1282,완주군,16,35.82384397,127.0217529
1283,완주군,20,35.96396658,127.1254809
1284,완주군,20,35.83745205,127.0531132
1285,완주군,20,35.83745205,127.0531132
1286,완주군,20,35.94513569,127.126444
1287,완주군,60,35.95521346,127.1483999
1288,진안군,99,35.79510705,127.4229223
1289,진안군,40,35.73349549,127.3712752
1290,진안군,35,35.74072797,127.313684
1291,진안군,60,35.7931043,127.4340921
1292,진안군,88,37.88559271,127.0509207
1293,진안군,74,35.79225527,127.4231074
1294,진안군,39,35.85159275,127.3417864
1295,무주군,61,36.00770666,127.7911206
1296,무주군,61,35.86385005,127.6522768
1297,무주군,77,36.00506757,127.6523219
1298,무주군,50,35.90309816,127.7870263
1299,무주군,49,36.01141619,127.655113
1300,무주군,90,36.00919904,127.6610893
1301,무주군,90,36.00989088,127.6637034
1302,무주군,77,36.0098794,127.6547904
1303,무주군,76,36.00830126,127.6587114
1304,장수군,125,35.73240039,127.5873164
1305,장수군,56,35.65264443,127.5159443
1306,장수군,99,37.4354457,126.7882615
1307,장수군,99,35.64537269,127.5190879
1308,장수군,30,35.58298795,127.3970577
1309,장수군,90,37.47232653,126.9328737
1310,장수군,20,35.73170436,127.5881829
1311,임실군,53,36.98626056,127.883543
1312,임실군,89,36.77946135,127.5820292
1313,임실군,99,36.9768108,127.9225546
1314,임실군,84,35.67537073,127.2683215
1315,임실군,82,37.82091512,126.9880272
1316,임실군,75,35.61120239,127.2812334
1317,임실군,64,35.61385488,127.2840017
1318,임실군,71,35.67502967,127.2717086
1319,임실군,39,35.61281546,127.2793981
1320,임실군,20,35.6155505,127.2878264
1321,임실군,39,36.45570838,127.1256946
1322,순창군,50,35.4413732,127.2426592
1323,순창군,39,35.50051451,127.005151
1324,순창군,39,35.44990175,127.0963058
1325,순창군,39,35.35360088,127.0743421
1326,순창군,55,35.42669138,126.9303149
1327,순창군,85,35.37649817,127.1351394
1328,순창군,82,35.37494475,127.1408127
1329,순창군,50,37.94651662,127.7076397
1330,순창군,65,35.37314687,127.140348
1331,순창군,50,37.89958939,127.5285535
1332,순창군,88,35.3804403,127.1479866
1333,순창군,72,35.35333912,127.1586183
1334,순창군,20,35.36122703,127.1859222
1335,고창군,45,36.15212442,127.379721
1336,고창군,99,35.43369304,126.7118028
1337,고창군,80,35.42033174,126.6825393
1338,고창군,124,35.4317448,126.6849407
1339,고창군,86,35.50579276,126.6958315
1340,고창군,98,35.45829078,126.5413586
1341,고창군,66,35.43193394,126.706751
1342,고창군,45,35.43251493,126.7008707
1343,고창군,49,35.37839663,126.5115065
1344,고창군,69,35.44062301,126.6992538
1345,고창군,45,35.34102885,126.5968499
1346,고창군,57,35.41758578,126.5655605
1347,고창군,39,35.44196411,126.6944948
1348,고창군,34,37.60008788,127.0400588
1349,고창군,77,35.4371465,126.7165555
1350,고창군,90,35.51676667,126.7001925
1351,고창군,45,35.34078599,126.5949494
1352,고창군,39,35.51873244,126.7002058
1353,고창군,35,35.43621983,126.7065461
1354,고창군,37,35.43879148,126.6931738
1355,고창군,15,35.43872865,126.7102068
1356,고창군,20,35.43691321,126.712693
1357,고창군,20,37.59984168,127.0399373
1358,고창군,20,35.43943945,126.6321734
1359,부안군,67,35.71525769,126.7437004
1360,부안군,55,35.71787247,126.8101176
1361,부안군,127,36.63482123,127.5029822
1362,부안군,38,35.71967959,126.7349124
1363,부안군,39,35.72225115,126.7305952
1364,부안군,85,35.71877867,126.7240458
1365,부안군,87,35.74024549,126.7358035
1366,부안군,22,35.72378967,126.7402493
1367,부안군,34,35.71822657,126.7534477
1368,부안군,30,35.70996753,126.6495421
1369,부안군,62,35.71048129,126.6587734
1370,부안군,32,35.71612241,126.738149
1371,부안군,36,35.59114764,126.6799406
1372,부안군,109,35.62593275,126.4732023
1373,부안군,39,35.76032468,126.6979778
1374,부안군,39,35.62517669,126.4750437
1375,부안군,45,37.46623299,126.6456203
1376,부안군,99,35.73328379,126.7476779
1377,부안군,83,36.98732642,126.8794114
1378,부안군,30,35.72066494,126.732708
1379,부안군,23,35.70565232,126.7881227
1380,부안군,39,35.72237969,126.7355603
1381,부안군,20,35.72884096,126.7325639
1382,부안군,20,35.58927369,126.6103065
1383,부안군,20,35.72204468,126.7415729
1384,부안군,31,35.73573288,126.7229229
